post_title,post_name,post_parent,ID,post_excerpt,post_content,post_status,post_password,menu_order,post_date,post_author,comment_status,sku,parent_sku,parent,children,downloadable,virtual,stock,regular_price,sale_price,weight,length,width,height,tax_class,visibility,stock_status,backorders,sold_individually,low_stock_amount,manage_stock,tax_status,upsell_ids,crosssell_ids,purchase_note,sale_price_dates_from,sale_price_dates_to,download_limit,download_expiry,product_url,button_text,images,downloadable_files,product_page_url,tax:product_type,tax:product_visibility,tax:product_cat,tax:product_tag,tax:product_shipping_class,tax:fb_product_set,attribute:Couleurs,attribute_data:Couleurs,attribute_default:Couleurs
"Gourde Yoko Design",gourde-yoko-design,,87,"Gourde Yoko Design 260ml

Fabrication française.

Conservation de la température : 12h le chaud et 24h le froid.","[et_pb_section fb_built=""1"" _builder_version=""3.22"" custom_padding=""0px||||false|false""][et_pb_row _builder_version=""3.25"" background_size=""initial"" background_position=""top_left"" background_repeat=""repeat"" width=""100%"" custom_padding=""0px||0px||false|false""][et_pb_column type=""4_4"" _builder_version=""3.25"" custom_padding=""|||"" custom_padding__hover=""|||""][et_pb_wc_breadcrumb _builder_version=""4.9.7"" background_color=""RGBA(0,0,0,0)"" custom_css_main_element=""padding: 15px;""][/et_pb_wc_breadcrumb][et_pb_wc_cart_notice _builder_version=""4.9.7"" background_color=""#A625AB""][/et_pb_wc_cart_notice][/et_pb_column][/et_pb_row][et_pb_row column_structure=""1_2,1_2"" _builder_version=""3.25"" background_size=""initial"" background_position=""top_left"" background_repeat=""repeat"" width=""100%"" custom_padding=""0px||||false|false""][et_pb_column type=""1_2"" _builder_version=""3.25"" custom_padding=""|||"" custom_padding__hover=""|||""][et_pb_wc_images _builder_version=""4.9.7"" custom_css_main_element=""width : 50%;||MARGIN:0 AUTO;||PADDING:20PX;""][/et_pb_wc_images][/et_pb_column][et_pb_column type=""1_2"" _builder_version=""3.25"" custom_padding=""|||"" custom_padding__hover=""|||""][et_pb_wc_title _builder_version=""4.9.7""][/et_pb_wc_title][et_pb_wc_rating _builder_version=""4.9.7"" rating_text_color=""#A625AB""][/et_pb_wc_rating][et_pb_wc_price _builder_version=""4.9.7"" body_text_color=""#A625AB""][/et_pb_wc_price][et_pb_wc_description _builder_version=""3.0.47""][/et_pb_wc_description][et_pb_wc_add_to_cart _builder_version=""4.9.7"" custom_button=""on"" button_text_color=""#CB0AA0""][/et_pb_wc_add_to_cart][et_pb_wc_meta _builder_version=""3.0.47""][/et_pb_wc_meta][/et_pb_column][/et_pb_row][et_pb_row _builder_version=""3.25"" background_size=""initial"" background_position=""top_left"" background_repeat=""repeat"" width=""100%""][et_pb_column type=""4_4"" _builder_version=""3.25"" custom_padding=""|||"" custom_padding__hover=""|||""][et_pb_wc_tabs _builder_version=""3.0.47""]					[/et_pb_wc_tabs][et_pb_wc_upsells _builder_version=""3.0.47""][/et_pb_wc_upsells][et_pb_wc_related_products _builder_version=""3.0.47""][/et_pb_wc_related_products][/et_pb_column][/et_pb_row][/et_pb_section]",publish,,0,"2021-07-06 12:30:20",1,open,,,,,no,no,,20,,0.219,,6,19.80,,,instock,no,no,,no,taxable,,,,,,0,0,,,"http://projet-woocommerce.loc/wp-content/uploads/2021/07/IMG20210612092036-removebg-preview.png ! alt :  ! title : IMG20210612092036-removebg-preview ! desc :  ! caption : ",,http://projet-woocommerce.loc/boutique/gourde/gourde-yoko-design/,simple,,gourde,gourde,,,"Bleu | Noir | Multicolors | Rouge",0|1|1,
"Gourde Yoko Design",gourde-yoko-design-2,,125,"Gourde Yoko Design 260ml

Fabrication française.

Conservation de la température : 12h le chaud et 24h le froid.","[et_pb_section fb_built=""1"" _builder_version=""3.22"" custom_padding=""0px||||false|false""][et_pb_row _builder_version=""3.25"" background_size=""initial"" background_position=""top_left"" background_repeat=""repeat"" width=""100%"" custom_padding=""0px||0px||false|false""][et_pb_column type=""4_4"" _builder_version=""3.25"" custom_padding=""|||"" custom_padding__hover=""|||""][et_pb_wc_breadcrumb _builder_version=""4.9.7"" background_color=""RGBA(0,0,0,0)"" custom_css_main_element=""padding: 15px;""][/et_pb_wc_breadcrumb][et_pb_wc_cart_notice _builder_version=""4.9.7"" background_color=""#A625AB""][/et_pb_wc_cart_notice][/et_pb_column][/et_pb_row][et_pb_row column_structure=""1_2,1_2"" _builder_version=""3.25"" background_size=""initial"" background_position=""top_left"" background_repeat=""repeat"" width=""100%"" custom_padding=""0px||||false|false""][et_pb_column type=""1_2"" _builder_version=""3.25"" custom_padding=""|||"" custom_padding__hover=""|||""][et_pb_wc_images _builder_version=""4.9.7"" custom_css_main_element=""width : 50%;||MARGIN:0 AUTO;||PADDING:20PX;""][/et_pb_wc_images][/et_pb_column][et_pb_column type=""1_2"" _builder_version=""3.25"" custom_padding=""|||"" custom_padding__hover=""|||""][et_pb_wc_title _builder_version=""4.9.7""][/et_pb_wc_title][et_pb_wc_rating _builder_version=""4.9.7"" rating_text_color=""#A625AB""][/et_pb_wc_rating][et_pb_wc_price _builder_version=""4.9.7"" body_text_color=""#A625AB""][/et_pb_wc_price][et_pb_wc_description _builder_version=""3.0.47""][/et_pb_wc_description][et_pb_wc_add_to_cart _builder_version=""4.9.7"" custom_button=""on"" button_text_color=""#CB0AA0""][/et_pb_wc_add_to_cart][et_pb_wc_meta _builder_version=""3.0.47""][/et_pb_wc_meta][/et_pb_column][/et_pb_row][et_pb_row _builder_version=""3.25"" background_size=""initial"" background_position=""top_left"" background_repeat=""repeat"" width=""100%""][et_pb_column type=""4_4"" _builder_version=""3.25"" custom_padding=""|||"" custom_padding__hover=""|||""][et_pb_wc_tabs _builder_version=""3.0.47""]					[/et_pb_wc_tabs][et_pb_wc_upsells _builder_version=""3.0.47""][/et_pb_wc_upsells][et_pb_wc_related_products _builder_version=""3.0.47""][/et_pb_wc_related_products][/et_pb_column][/et_pb_row][/et_pb_section]",publish,,0,"2021-07-06 15:34:07",1,open,,,,,no,no,,20,,0.219,,6,19.80,,,instock,no,no,,no,taxable,,,,,,0,0,,,"http://projet-woocommerce.loc/wp-content/uploads/2021/07/IMG20210612092024-removebg-preview.png ! alt :  ! title : IMG20210612092024-removebg-preview ! desc :  ! caption : ",,http://projet-woocommerce.loc/boutique/gourde/gourde-yoko-design-2/,simple,,gourde,gourde,,,"Bleu | Noir | Multicolors | Rouge",0|1|1,
"Gourde Yoko Design",gourde-yoko-design-3,,126,"Gourde Yoko Design 260ml

Fabrication française.

Conservation de la température : 12h le chaud et 24h le froid.","[et_pb_section fb_built=""1"" _builder_version=""3.22"" custom_padding=""0px||||false|false""][et_pb_row _builder_version=""3.25"" background_size=""initial"" background_position=""top_left"" background_repeat=""repeat"" width=""100%"" custom_padding=""0px||0px||false|false""][et_pb_column type=""4_4"" _builder_version=""3.25"" custom_padding=""|||"" custom_padding__hover=""|||""][et_pb_wc_breadcrumb _builder_version=""4.9.7"" background_color=""RGBA(0,0,0,0)"" custom_css_main_element=""padding: 15px;""][/et_pb_wc_breadcrumb][et_pb_wc_cart_notice _builder_version=""4.9.7"" background_color=""#A625AB""][/et_pb_wc_cart_notice][/et_pb_column][/et_pb_row][et_pb_row column_structure=""1_2,1_2"" _builder_version=""3.25"" background_size=""initial"" background_position=""top_left"" background_repeat=""repeat"" width=""100%"" custom_padding=""0px||||false|false""][et_pb_column type=""1_2"" _builder_version=""3.25"" custom_padding=""|||"" custom_padding__hover=""|||""][et_pb_wc_images _builder_version=""4.9.7"" custom_css_main_element=""width : 50%;||MARGIN:0 AUTO;||PADDING:20PX;""][/et_pb_wc_images][/et_pb_column][et_pb_column type=""1_2"" _builder_version=""3.25"" custom_padding=""|||"" custom_padding__hover=""|||""][et_pb_wc_title _builder_version=""4.9.7""][/et_pb_wc_title][et_pb_wc_rating _builder_version=""4.9.7"" rating_text_color=""#A625AB""][/et_pb_wc_rating][et_pb_wc_price _builder_version=""4.9.7"" body_text_color=""#A625AB""][/et_pb_wc_price][et_pb_wc_description _builder_version=""3.0.47""][/et_pb_wc_description][et_pb_wc_add_to_cart _builder_version=""4.9.7"" custom_button=""on"" button_text_color=""#CB0AA0""][/et_pb_wc_add_to_cart][et_pb_wc_meta _builder_version=""3.0.47""][/et_pb_wc_meta][/et_pb_column][/et_pb_row][et_pb_row _builder_version=""3.25"" background_size=""initial"" background_position=""top_left"" background_repeat=""repeat"" width=""100%""][et_pb_column type=""4_4"" _builder_version=""3.25"" custom_padding=""|||"" custom_padding__hover=""|||""][et_pb_wc_tabs _builder_version=""3.0.47""]					[/et_pb_wc_tabs][et_pb_wc_upsells _builder_version=""3.0.47""][/et_pb_wc_upsells][et_pb_wc_related_products _builder_version=""3.0.47""][/et_pb_wc_related_products][/et_pb_column][/et_pb_row][/et_pb_section]",publish,,0,"2021-07-06 15:54:12",1,open,,,,,no,no,,20,,0.219,,6,19.80,,,instock,no,no,,no,taxable,,,,,,0,0,,,"http://projet-woocommerce.loc/wp-content/uploads/2021/07/IMG20210612092015-removebg-preview.png ! alt :  ! title : IMG20210612092015-removebg-preview ! desc :  ! caption : ",,http://projet-woocommerce.loc/boutique/gourde/gourde-yoko-design-3/,simple,,gourde,gourde,,,"Bleu | Noir | Multicolors | Rouge",0|1|1,
"Gourde Yoko Design",gourde-yoko-design-4,,127,"Gourde Yoko Design 260ml

Fabrication française.

Conservation de la température : 12h le chaud et 24h le froid.","[et_pb_section fb_built=""1"" _builder_version=""3.22"" custom_padding=""0px||||false|false""][et_pb_row _builder_version=""3.25"" background_size=""initial"" background_position=""top_left"" background_repeat=""repeat"" width=""100%"" custom_padding=""0px||0px||false|false""][et_pb_column type=""4_4"" _builder_version=""3.25"" custom_padding=""|||"" custom_padding__hover=""|||""][et_pb_wc_breadcrumb _builder_version=""4.9.7"" background_color=""RGBA(0,0,0,0)"" custom_css_main_element=""padding: 15px;""][/et_pb_wc_breadcrumb][et_pb_wc_cart_notice _builder_version=""4.9.7"" background_color=""#A625AB""][/et_pb_wc_cart_notice][/et_pb_column][/et_pb_row][et_pb_row column_structure=""1_2,1_2"" _builder_version=""3.25"" background_size=""initial"" background_position=""top_left"" background_repeat=""repeat"" width=""100%"" custom_padding=""0px||||false|false""][et_pb_column type=""1_2"" _builder_version=""3.25"" custom_padding=""|||"" custom_padding__hover=""|||""][et_pb_wc_images _builder_version=""4.9.7"" custom_css_main_element=""width : 50%;||MARGIN:0 AUTO;||PADDING:20PX;""][/et_pb_wc_images][/et_pb_column][et_pb_column type=""1_2"" _builder_version=""3.25"" custom_padding=""|||"" custom_padding__hover=""|||""][et_pb_wc_title _builder_version=""4.9.7""][/et_pb_wc_title][et_pb_wc_rating _builder_version=""4.9.7"" rating_text_color=""#A625AB""][/et_pb_wc_rating][et_pb_wc_price _builder_version=""4.9.7"" body_text_color=""#A625AB""][/et_pb_wc_price][et_pb_wc_description _builder_version=""3.0.47""][/et_pb_wc_description][et_pb_wc_add_to_cart _builder_version=""4.9.7"" custom_button=""on"" button_text_color=""#CB0AA0""][/et_pb_wc_add_to_cart][et_pb_wc_meta _builder_version=""3.0.47""][/et_pb_wc_meta][/et_pb_column][/et_pb_row][et_pb_row _builder_version=""3.25"" background_size=""initial"" background_position=""top_left"" background_repeat=""repeat"" width=""100%""][et_pb_column type=""4_4"" _builder_version=""3.25"" custom_padding=""|||"" custom_padding__hover=""|||""][et_pb_wc_tabs _builder_version=""3.0.47""]					[/et_pb_wc_tabs][et_pb_wc_upsells _builder_version=""3.0.47""][/et_pb_wc_upsells][et_pb_wc_related_products _builder_version=""3.0.47""][/et_pb_wc_related_products][/et_pb_column][/et_pb_row][/et_pb_section]",publish,,0,"2021-07-06 15:55:17",1,open,,,,,no,no,,20,,0.219,,6,19.80,,,instock,no,no,,no,taxable,,,,,,0,0,,,"http://projet-woocommerce.loc/wp-content/uploads/2021/07/IMG20210612092002-removebg-preview.png ! alt :  ! title : IMG20210612092002-removebg-preview ! desc :  ! caption : ",,http://projet-woocommerce.loc/boutique/gourde/gourde-yoko-design-4/,simple,,gourde,gourde,,,"Bleu | Noir | Multicolors | Rouge",0|1|1,
"Gourde Yoko Design",gourde-yoko-design-5,,128,"Gourde Yoko Design 260ml

Fabrication française.

Conservation de la température : 12h le chaud et 24h le froid.","[et_pb_section fb_built=""1"" _builder_version=""3.22"" custom_padding=""0px||||false|false""][et_pb_row _builder_version=""3.25"" background_size=""initial"" background_position=""top_left"" background_repeat=""repeat"" width=""100%"" custom_padding=""0px||0px||false|false""][et_pb_column type=""4_4"" _builder_version=""3.25"" custom_padding=""|||"" custom_padding__hover=""|||""][et_pb_wc_breadcrumb _builder_version=""4.9.7"" background_color=""RGBA(0,0,0,0)"" custom_css_main_element=""padding: 15px;""][/et_pb_wc_breadcrumb][et_pb_wc_cart_notice _builder_version=""4.9.7"" background_color=""#A625AB""][/et_pb_wc_cart_notice][/et_pb_column][/et_pb_row][et_pb_row column_structure=""1_2,1_2"" _builder_version=""3.25"" background_size=""initial"" background_position=""top_left"" background_repeat=""repeat"" width=""100%"" custom_padding=""0px||||false|false""][et_pb_column type=""1_2"" _builder_version=""3.25"" custom_padding=""|||"" custom_padding__hover=""|||""][et_pb_wc_images _builder_version=""4.9.7"" custom_css_main_element=""width : 50%;||MARGIN:0 AUTO;||PADDING:20PX;""][/et_pb_wc_images][/et_pb_column][et_pb_column type=""1_2"" _builder_version=""3.25"" custom_padding=""|||"" custom_padding__hover=""|||""][et_pb_wc_title _builder_version=""4.9.7""][/et_pb_wc_title][et_pb_wc_rating _builder_version=""4.9.7"" rating_text_color=""#A625AB""][/et_pb_wc_rating][et_pb_wc_price _builder_version=""4.9.7"" body_text_color=""#A625AB""][/et_pb_wc_price][et_pb_wc_description _builder_version=""3.0.47""][/et_pb_wc_description][et_pb_wc_add_to_cart _builder_version=""4.9.7"" custom_button=""on"" button_text_color=""#CB0AA0""][/et_pb_wc_add_to_cart][et_pb_wc_meta _builder_version=""3.0.47""][/et_pb_wc_meta][/et_pb_column][/et_pb_row][et_pb_row _builder_version=""3.25"" background_size=""initial"" background_position=""top_left"" background_repeat=""repeat"" width=""100%""][et_pb_column type=""4_4"" _builder_version=""3.25"" custom_padding=""|||"" custom_padding__hover=""|||""][et_pb_wc_tabs _builder_version=""3.0.47""]					[/et_pb_wc_tabs][et_pb_wc_upsells _builder_version=""3.0.47""][/et_pb_wc_upsells][et_pb_wc_related_products _builder_version=""3.0.47""][/et_pb_wc_related_products][/et_pb_column][/et_pb_row][/et_pb_section]",publish,,0,"2021-07-06 15:56:38",1,open,,,,,no,no,,20,,0.219,,6,19.80,,,instock,no,no,,no,taxable,,,,,,0,0,,,"http://projet-woocommerce.loc/wp-content/uploads/2021/07/IMG20210612091939-removebg-preview.png ! alt :  ! title : IMG20210612091939-removebg-preview ! desc :  ! caption : ",,http://projet-woocommerce.loc/boutique/gourde/gourde-yoko-design-5/,simple,,gourde,gourde,,,"Bleu | Noir | Multicolors | Rouge",0|1|1,
"Gourde Miss Turtle",gourde-miss-turtle,,129,"Miss Turtle 500 ml

Fabrication française.

Conservation de la température : 12h le chaud et 24h le froid.","[et_pb_section fb_built=""1"" _builder_version=""3.22"" custom_padding=""0px||||false|false""][et_pb_row _builder_version=""3.25"" background_size=""initial"" background_position=""top_left"" background_repeat=""repeat"" width=""100%"" custom_padding=""0px||0px||false|false""][et_pb_column type=""4_4"" _builder_version=""3.25"" custom_padding=""|||"" custom_padding__hover=""|||""][et_pb_wc_breadcrumb _builder_version=""4.9.7"" custom_css_main_element=""padding:15px;""][/et_pb_wc_breadcrumb][et_pb_wc_cart_notice _builder_version=""4.9.7"" background_color=""#A625AB""][/et_pb_wc_cart_notice][/et_pb_column][/et_pb_row][et_pb_row column_structure=""1_2,1_2"" _builder_version=""3.25"" background_size=""initial"" background_position=""top_left"" background_repeat=""repeat"" width=""100%"" custom_padding=""0px||||false|false""][et_pb_column type=""1_2"" _builder_version=""3.25"" custom_padding=""|||"" custom_padding__hover=""|||""][et_pb_wc_images _builder_version=""4.9.7"" custom_css_main_element=""width:50%;||margin:0 auto;||padding: 20px;""][/et_pb_wc_images][/et_pb_column][et_pb_column type=""1_2"" _builder_version=""3.25"" custom_padding=""|||"" custom_padding__hover=""|||""][et_pb_wc_title _builder_version=""3.0.47""][/et_pb_wc_title][et_pb_wc_rating _builder_version=""4.9.7"" rating_text_color=""#A625AB""][/et_pb_wc_rating][et_pb_wc_price _builder_version=""4.9.7"" body_text_color=""#A625AB"" background_color=""RGBA(0,0,0,0)""][/et_pb_wc_price][et_pb_wc_description _builder_version=""3.0.47""][/et_pb_wc_description][et_pb_wc_add_to_cart _builder_version=""4.9.7"" custom_button=""on"" button_text_color=""#CB0AA0""][/et_pb_wc_add_to_cart][et_pb_wc_meta _builder_version=""3.0.47""][/et_pb_wc_meta][/et_pb_column][/et_pb_row][et_pb_row _builder_version=""3.25"" background_size=""initial"" background_position=""top_left"" background_repeat=""repeat"" width=""100%""][et_pb_column type=""4_4"" _builder_version=""3.25"" custom_padding=""|||"" custom_padding__hover=""|||""][et_pb_wc_tabs _builder_version=""3.0.47""]					[/et_pb_wc_tabs][et_pb_wc_upsells _builder_version=""3.0.47""][/et_pb_wc_upsells][et_pb_wc_related_products _builder_version=""3.0.47""][/et_pb_wc_related_products][/et_pb_column][/et_pb_row][/et_pb_section]",publish,,0,"2021-07-06 16:12:53",1,open,,,,,no,no,,26,,,,7,26,,,instock,no,no,,no,taxable,,,,,,'-1,'-1,,,"http://projet-woocommerce.loc/wp-content/uploads/2021/07/IMG20210612091244-removebg-preview.png ! alt :  ! title : IMG20210612091244-removebg-preview ! desc :  ! caption : ",,http://projet-woocommerce.loc/boutique/gourde/gourde-miss-turtle/,simple,,gourde,500ml|gourde,,,,,
"Gourde Miss Turtle",gourde-miss-turtle-2,,162,"Miss Turtle 500 ml

Fabrication française.

Conservation de la température : 12h le chaud et 24h le froid.","[et_pb_section fb_built=""1"" _builder_version=""3.22"" custom_padding=""0px||||false|false""][et_pb_row _builder_version=""3.25"" background_size=""initial"" background_position=""top_left"" background_repeat=""repeat"" width=""100%"" custom_padding=""0px||0px||false|false""][et_pb_column type=""4_4"" _builder_version=""3.25"" custom_padding=""|||"" custom_padding__hover=""|||""][et_pb_wc_breadcrumb _builder_version=""4.9.7"" custom_css_main_element=""padding:15px;""][/et_pb_wc_breadcrumb][et_pb_wc_cart_notice _builder_version=""4.9.7"" background_color=""#A625AB""][/et_pb_wc_cart_notice][/et_pb_column][/et_pb_row][et_pb_row column_structure=""1_2,1_2"" _builder_version=""3.25"" background_size=""initial"" background_position=""top_left"" background_repeat=""repeat"" width=""100%"" custom_padding=""0px||||false|false""][et_pb_column type=""1_2"" _builder_version=""3.25"" custom_padding=""|||"" custom_padding__hover=""|||""][et_pb_wc_images _builder_version=""4.9.7"" custom_css_main_element=""width:50%;||margin:0 auto;||padding: 20px;""][/et_pb_wc_images][/et_pb_column][et_pb_column type=""1_2"" _builder_version=""3.25"" custom_padding=""|||"" custom_padding__hover=""|||""][et_pb_wc_title _builder_version=""3.0.47""][/et_pb_wc_title][et_pb_wc_rating _builder_version=""4.9.7"" rating_text_color=""#A625AB""][/et_pb_wc_rating][et_pb_wc_price _builder_version=""4.9.7"" body_text_color=""#A625AB"" background_color=""RGBA(0,0,0,0)""][/et_pb_wc_price][et_pb_wc_description _builder_version=""3.0.47""][/et_pb_wc_description][et_pb_wc_add_to_cart _builder_version=""4.9.7"" custom_button=""on"" button_text_color=""#CB0AA0""][/et_pb_wc_add_to_cart][et_pb_wc_meta _builder_version=""3.0.47""][/et_pb_wc_meta][/et_pb_column][/et_pb_row][et_pb_row _builder_version=""3.25"" background_size=""initial"" background_position=""top_left"" background_repeat=""repeat"" width=""100%""][et_pb_column type=""4_4"" _builder_version=""3.25"" custom_padding=""|||"" custom_padding__hover=""|||""][et_pb_wc_tabs _builder_version=""3.0.47""]					[/et_pb_wc_tabs][et_pb_wc_upsells _builder_version=""3.0.47""][/et_pb_wc_upsells][et_pb_wc_related_products _builder_version=""3.0.47""][/et_pb_wc_related_products][/et_pb_column][/et_pb_row][/et_pb_section]",publish,,0,"2021-07-06 16:44:01",1,open,,,,,no,no,,26,,,,7,26,,,instock,no,no,,no,taxable,,,,,,'-1,'-1,,,"http://projet-woocommerce.loc/wp-content/uploads/2021/07/IMG20210612091341-removebg-preview.png ! alt :  ! title : IMG20210612091341-removebg-preview ! desc :  ! caption : ",,http://projet-woocommerce.loc/boutique/gourde/gourde-miss-turtle-2/,simple,,gourde,500ml|gourde,,,,,
"Gourde Miss Turtle",gourde-miss-turtle-3,,163,"Miss Turtle 500 ml

Fabrication française.

Conservation de la température : 12h le chaud et 24h le froid.","[et_pb_section fb_built=""1"" _builder_version=""3.22"" custom_padding=""0px||||false|false""][et_pb_row _builder_version=""3.25"" background_size=""initial"" background_position=""top_left"" background_repeat=""repeat"" width=""100%"" custom_padding=""0px||0px||false|false""][et_pb_column type=""4_4"" _builder_version=""3.25"" custom_padding=""|||"" custom_padding__hover=""|||""][et_pb_wc_breadcrumb _builder_version=""4.9.7"" custom_css_main_element=""padding:15px;""][/et_pb_wc_breadcrumb][et_pb_wc_cart_notice _builder_version=""4.9.7"" background_color=""#A625AB""][/et_pb_wc_cart_notice][/et_pb_column][/et_pb_row][et_pb_row column_structure=""1_2,1_2"" _builder_version=""3.25"" background_size=""initial"" background_position=""top_left"" background_repeat=""repeat"" width=""100%"" custom_padding=""0px||||false|false""][et_pb_column type=""1_2"" _builder_version=""3.25"" custom_padding=""|||"" custom_padding__hover=""|||""][et_pb_wc_images _builder_version=""4.9.7"" custom_css_main_element=""width:50%;||margin:0 auto;||padding: 20px;""][/et_pb_wc_images][/et_pb_column][et_pb_column type=""1_2"" _builder_version=""3.25"" custom_padding=""|||"" custom_padding__hover=""|||""][et_pb_wc_title _builder_version=""3.0.47""][/et_pb_wc_title][et_pb_wc_rating _builder_version=""4.9.7"" rating_text_color=""#A625AB""][/et_pb_wc_rating][et_pb_wc_price _builder_version=""4.9.7"" body_text_color=""#A625AB"" background_color=""RGBA(0,0,0,0)""][/et_pb_wc_price][et_pb_wc_description _builder_version=""3.0.47""][/et_pb_wc_description][et_pb_wc_add_to_cart _builder_version=""4.9.7"" custom_button=""on"" button_text_color=""#CB0AA0""][/et_pb_wc_add_to_cart][et_pb_wc_meta _builder_version=""3.0.47""][/et_pb_wc_meta][/et_pb_column][/et_pb_row][et_pb_row _builder_version=""3.25"" background_size=""initial"" background_position=""top_left"" background_repeat=""repeat"" width=""100%""][et_pb_column type=""4_4"" _builder_version=""3.25"" custom_padding=""|||"" custom_padding__hover=""|||""][et_pb_wc_tabs _builder_version=""3.0.47""]					[/et_pb_wc_tabs][et_pb_wc_upsells _builder_version=""3.0.47""][/et_pb_wc_upsells][et_pb_wc_related_products _builder_version=""3.0.47""][/et_pb_wc_related_products][/et_pb_column][/et_pb_row][/et_pb_section]",publish,,0,"2021-07-06 16:44:04",1,open,,,,,no,no,,26,,,,7,26,,,instock,no,no,,no,taxable,,,,,,'-1,'-1,,,"http://projet-woocommerce.loc/wp-content/uploads/2021/07/IMG20210612091430-removebg-preview.png ! alt :  ! title : IMG20210612091430-removebg-preview ! desc :  ! caption : ",,http://projet-woocommerce.loc/boutique/gourde/gourde-miss-turtle-3/,simple,,gourde,500ml|gourde,,,,,
"Gourde Miss Turtle",gourde-miss-turtle-4,,164,"Miss Turtle 500 ml

Fabrication française.

Conservation de la température : 12h le chaud et 24h le froid.","[et_pb_section fb_built=""1"" _builder_version=""3.22"" custom_padding=""0px||||false|false""][et_pb_row _builder_version=""3.25"" background_size=""initial"" background_position=""top_left"" background_repeat=""repeat"" width=""100%"" custom_padding=""0px||0px||false|false""][et_pb_column type=""4_4"" _builder_version=""3.25"" custom_padding=""|||"" custom_padding__hover=""|||""][et_pb_wc_breadcrumb _builder_version=""4.9.7"" custom_css_main_element=""padding:15px;""][/et_pb_wc_breadcrumb][et_pb_wc_cart_notice _builder_version=""4.9.7"" background_color=""#A625AB""][/et_pb_wc_cart_notice][/et_pb_column][/et_pb_row][et_pb_row column_structure=""1_2,1_2"" _builder_version=""3.25"" background_size=""initial"" background_position=""top_left"" background_repeat=""repeat"" width=""100%"" custom_padding=""0px||||false|false""][et_pb_column type=""1_2"" _builder_version=""3.25"" custom_padding=""|||"" custom_padding__hover=""|||""][et_pb_wc_images _builder_version=""4.9.7"" custom_css_main_element=""width:50%;||margin:0 auto;||padding: 20px;""][/et_pb_wc_images][/et_pb_column][et_pb_column type=""1_2"" _builder_version=""3.25"" custom_padding=""|||"" custom_padding__hover=""|||""][et_pb_wc_title _builder_version=""3.0.47""][/et_pb_wc_title][et_pb_wc_rating _builder_version=""4.9.7"" rating_text_color=""#A625AB""][/et_pb_wc_rating][et_pb_wc_price _builder_version=""4.9.7"" body_text_color=""#A625AB"" background_color=""RGBA(0,0,0,0)""][/et_pb_wc_price][et_pb_wc_description _builder_version=""3.0.47""][/et_pb_wc_description][et_pb_wc_add_to_cart _builder_version=""4.9.7"" custom_button=""on"" button_text_color=""#CB0AA0""][/et_pb_wc_add_to_cart][et_pb_wc_meta _builder_version=""3.0.47""][/et_pb_wc_meta][/et_pb_column][/et_pb_row][et_pb_row _builder_version=""3.25"" background_size=""initial"" background_position=""top_left"" background_repeat=""repeat"" width=""100%""][et_pb_column type=""4_4"" _builder_version=""3.25"" custom_padding=""|||"" custom_padding__hover=""|||""][et_pb_wc_tabs _builder_version=""3.0.47""]					[/et_pb_wc_tabs][et_pb_wc_upsells _builder_version=""3.0.47""][/et_pb_wc_upsells][et_pb_wc_related_products _builder_version=""3.0.47""][/et_pb_wc_related_products][/et_pb_column][/et_pb_row][/et_pb_section]",publish,,0,"2021-07-06 16:44:07",1,open,,,,,no,no,,26,,,,7,26,,,instock,no,no,,no,taxable,,,,,,'-1,'-1,,,"http://projet-woocommerce.loc/wp-content/uploads/2021/07/IMG20210612091451-removebg-preview.png ! alt :  ! title : IMG20210612091451-removebg-preview ! desc :  ! caption : ",,http://projet-woocommerce.loc/boutique/gourde/gourde-miss-turtle-4/,simple,,gourde,500ml|gourde,,,,,
"Gourde Miss Turtle",gourde-miss-turtle-5,,165,"Miss Turtle 500 ml

Fabrication française.

Conservation de la température : 12h le chaud et 24h le froid.","[et_pb_section fb_built=""1"" _builder_version=""3.22"" custom_padding=""0px||||false|false""][et_pb_row _builder_version=""3.25"" background_size=""initial"" background_position=""top_left"" background_repeat=""repeat"" width=""100%"" custom_padding=""0px||0px||false|false""][et_pb_column type=""4_4"" _builder_version=""3.25"" custom_padding=""|||"" custom_padding__hover=""|||""][et_pb_wc_breadcrumb _builder_version=""4.9.7"" custom_css_main_element=""padding:15px;""][/et_pb_wc_breadcrumb][et_pb_wc_cart_notice _builder_version=""4.9.7"" background_color=""#A625AB""][/et_pb_wc_cart_notice][/et_pb_column][/et_pb_row][et_pb_row column_structure=""1_2,1_2"" _builder_version=""3.25"" background_size=""initial"" background_position=""top_left"" background_repeat=""repeat"" width=""100%"" custom_padding=""0px||||false|false""][et_pb_column type=""1_2"" _builder_version=""3.25"" custom_padding=""|||"" custom_padding__hover=""|||""][et_pb_wc_images _builder_version=""4.9.7"" custom_css_main_element=""width:50%;||margin:0 auto;||padding: 20px;""][/et_pb_wc_images][/et_pb_column][et_pb_column type=""1_2"" _builder_version=""3.25"" custom_padding=""|||"" custom_padding__hover=""|||""][et_pb_wc_title _builder_version=""3.0.47""][/et_pb_wc_title][et_pb_wc_rating _builder_version=""4.9.7"" rating_text_color=""#A625AB""][/et_pb_wc_rating][et_pb_wc_price _builder_version=""4.9.7"" body_text_color=""#A625AB"" background_color=""RGBA(0,0,0,0)""][/et_pb_wc_price][et_pb_wc_description _builder_version=""3.0.47""][/et_pb_wc_description][et_pb_wc_add_to_cart _builder_version=""4.9.7"" custom_button=""on"" button_text_color=""#CB0AA0""][/et_pb_wc_add_to_cart][et_pb_wc_meta _builder_version=""3.0.47""][/et_pb_wc_meta][/et_pb_column][/et_pb_row][et_pb_row _builder_version=""3.25"" background_size=""initial"" background_position=""top_left"" background_repeat=""repeat"" width=""100%""][et_pb_column type=""4_4"" _builder_version=""3.25"" custom_padding=""|||"" custom_padding__hover=""|||""][et_pb_wc_tabs _builder_version=""3.0.47""]					[/et_pb_wc_tabs][et_pb_wc_upsells _builder_version=""3.0.47""][/et_pb_wc_upsells][et_pb_wc_related_products _builder_version=""3.0.47""][/et_pb_wc_related_products][/et_pb_column][/et_pb_row][/et_pb_section]",publish,,0,"2021-07-06 16:44:10",1,open,,,,,no,no,,26,,,,7,26,,,instock,no,no,,no,taxable,,,,,,'-1,'-1,,,"http://projet-woocommerce.loc/wp-content/uploads/2021/07/IMG20210612091509-removebg-preview.png ! alt :  ! title : IMG20210612091509-removebg-preview ! desc :  ! caption : ",,http://projet-woocommerce.loc/boutique/gourde/gourde-miss-turtle-5/,simple,,gourde,500ml|gourde,,,,,
"Gourde Miss Turtle",gourde-miss-turtle-6,,166,"Miss Turtle 500 ml

Fabrication française.

Conservation de la température : 12h le chaud et 24h le froid.","[et_pb_section fb_built=""1"" _builder_version=""3.22"" custom_padding=""0px||||false|false""][et_pb_row _builder_version=""3.25"" background_size=""initial"" background_position=""top_left"" background_repeat=""repeat"" width=""100%"" custom_padding=""0px||0px||false|false""][et_pb_column type=""4_4"" _builder_version=""3.25"" custom_padding=""|||"" custom_padding__hover=""|||""][et_pb_wc_breadcrumb _builder_version=""4.9.7"" custom_css_main_element=""padding:15px;""][/et_pb_wc_breadcrumb][et_pb_wc_cart_notice _builder_version=""4.9.7"" background_color=""#A625AB""][/et_pb_wc_cart_notice][/et_pb_column][/et_pb_row][et_pb_row column_structure=""1_2,1_2"" _builder_version=""3.25"" background_size=""initial"" background_position=""top_left"" background_repeat=""repeat"" width=""100%"" custom_padding=""0px||||false|false""][et_pb_column type=""1_2"" _builder_version=""3.25"" custom_padding=""|||"" custom_padding__hover=""|||""][et_pb_wc_images _builder_version=""4.9.7"" custom_css_main_element=""width:50%;||margin:0 auto;||padding: 20px;""][/et_pb_wc_images][/et_pb_column][et_pb_column type=""1_2"" _builder_version=""3.25"" custom_padding=""|||"" custom_padding__hover=""|||""][et_pb_wc_title _builder_version=""3.0.47""][/et_pb_wc_title][et_pb_wc_rating _builder_version=""4.9.7"" rating_text_color=""#A625AB""][/et_pb_wc_rating][et_pb_wc_price _builder_version=""4.9.7"" body_text_color=""#A625AB"" background_color=""RGBA(0,0,0,0)""][/et_pb_wc_price][et_pb_wc_description _builder_version=""3.0.47""][/et_pb_wc_description][et_pb_wc_add_to_cart _builder_version=""4.9.7"" custom_button=""on"" button_text_color=""#CB0AA0""][/et_pb_wc_add_to_cart][et_pb_wc_meta _builder_version=""3.0.47""][/et_pb_wc_meta][/et_pb_column][/et_pb_row][et_pb_row _builder_version=""3.25"" background_size=""initial"" background_position=""top_left"" background_repeat=""repeat"" width=""100%""][et_pb_column type=""4_4"" _builder_version=""3.25"" custom_padding=""|||"" custom_padding__hover=""|||""][et_pb_wc_tabs _builder_version=""3.0.47""]					[/et_pb_wc_tabs][et_pb_wc_upsells _builder_version=""3.0.47""][/et_pb_wc_upsells][et_pb_wc_related_products _builder_version=""3.0.47""][/et_pb_wc_related_products][/et_pb_column][/et_pb_row][/et_pb_section]",publish,,0,"2021-07-06 16:44:14",1,open,,,,,no,no,,26,,,,7,26,,,instock,no,no,,no,taxable,,,,,,'-1,'-1,,,"http://projet-woocommerce.loc/wp-content/uploads/2021/07/IMG20210612091524-removebg-preview.png ! alt :  ! title : IMG20210612091524-removebg-preview ! desc :  ! caption : ",,http://projet-woocommerce.loc/boutique/gourde/gourde-miss-turtle-6/,simple,,gourde,500ml|gourde,,,,,
"Gourde Miss Turtle",gourde-miss-turtle-7,,167,"Miss Turtle 500 ml

Fabrication française.

Conservation de la température : 12h le chaud et 24h le froid.","[et_pb_section fb_built=""1"" _builder_version=""3.22"" custom_padding=""0px||||false|false""][et_pb_row _builder_version=""3.25"" background_size=""initial"" background_position=""top_left"" background_repeat=""repeat"" width=""100%"" custom_padding=""0px||0px||false|false""][et_pb_column type=""4_4"" _builder_version=""3.25"" custom_padding=""|||"" custom_padding__hover=""|||""][et_pb_wc_breadcrumb _builder_version=""4.9.7"" custom_css_main_element=""padding:15px;""][/et_pb_wc_breadcrumb][et_pb_wc_cart_notice _builder_version=""4.9.7"" background_color=""#A625AB""][/et_pb_wc_cart_notice][/et_pb_column][/et_pb_row][et_pb_row column_structure=""1_2,1_2"" _builder_version=""3.25"" background_size=""initial"" background_position=""top_left"" background_repeat=""repeat"" width=""100%"" custom_padding=""0px||||false|false""][et_pb_column type=""1_2"" _builder_version=""3.25"" custom_padding=""|||"" custom_padding__hover=""|||""][et_pb_wc_images _builder_version=""4.9.7"" custom_css_main_element=""width:50%;||margin:0 auto;||padding: 20px;""][/et_pb_wc_images][/et_pb_column][et_pb_column type=""1_2"" _builder_version=""3.25"" custom_padding=""|||"" custom_padding__hover=""|||""][et_pb_wc_title _builder_version=""3.0.47""][/et_pb_wc_title][et_pb_wc_rating _builder_version=""4.9.7"" rating_text_color=""#A625AB""][/et_pb_wc_rating][et_pb_wc_price _builder_version=""4.9.7"" body_text_color=""#A625AB"" background_color=""RGBA(0,0,0,0)""][/et_pb_wc_price][et_pb_wc_description _builder_version=""3.0.47""][/et_pb_wc_description][et_pb_wc_add_to_cart _builder_version=""4.9.7"" custom_button=""on"" button_text_color=""#CB0AA0""][/et_pb_wc_add_to_cart][et_pb_wc_meta _builder_version=""3.0.47""][/et_pb_wc_meta][/et_pb_column][/et_pb_row][et_pb_row _builder_version=""3.25"" background_size=""initial"" background_position=""top_left"" background_repeat=""repeat"" width=""100%""][et_pb_column type=""4_4"" _builder_version=""3.25"" custom_padding=""|||"" custom_padding__hover=""|||""][et_pb_wc_tabs _builder_version=""3.0.47""]					[/et_pb_wc_tabs][et_pb_wc_upsells _builder_version=""3.0.47""][/et_pb_wc_upsells][et_pb_wc_related_products _builder_version=""3.0.47""][/et_pb_wc_related_products][/et_pb_column][/et_pb_row][/et_pb_section]",publish,,0,"2021-07-06 16:44:17",1,open,,,,,no,no,,26,,,,7,26,,,instock,no,no,,no,taxable,,,,,,'-1,'-1,,,"http://projet-woocommerce.loc/wp-content/uploads/2021/07/IMG20210612091540-removebg-preview.png ! alt :  ! title : IMG20210612091540-removebg-preview ! desc :  ! caption : ",,http://projet-woocommerce.loc/boutique/gourde/gourde-miss-turtle-7/,simple,,gourde,500ml|gourde,,,,,
"Gourde Miss Turtle",gourde-miss-turtle-8,,168,"Miss Turtle 500 ml

Fabrication française.

Conservation de la température : 12h le chaud et 24h le froid.","[et_pb_section fb_built=""1"" _builder_version=""3.22"" custom_padding=""0px||||false|false""][et_pb_row _builder_version=""3.25"" background_size=""initial"" background_position=""top_left"" background_repeat=""repeat"" width=""100%"" custom_padding=""0px||0px||false|false""][et_pb_column type=""4_4"" _builder_version=""3.25"" custom_padding=""|||"" custom_padding__hover=""|||""][et_pb_wc_breadcrumb _builder_version=""4.9.7"" custom_css_main_element=""padding:15px;""][/et_pb_wc_breadcrumb][et_pb_wc_cart_notice _builder_version=""4.9.7"" background_color=""#A625AB""][/et_pb_wc_cart_notice][/et_pb_column][/et_pb_row][et_pb_row column_structure=""1_2,1_2"" _builder_version=""3.25"" background_size=""initial"" background_position=""top_left"" background_repeat=""repeat"" width=""100%"" custom_padding=""0px||||false|false""][et_pb_column type=""1_2"" _builder_version=""3.25"" custom_padding=""|||"" custom_padding__hover=""|||""][et_pb_wc_images _builder_version=""4.9.7"" custom_css_main_element=""width:50%;||margin:0 auto;||padding: 20px;""][/et_pb_wc_images][/et_pb_column][et_pb_column type=""1_2"" _builder_version=""3.25"" custom_padding=""|||"" custom_padding__hover=""|||""][et_pb_wc_title _builder_version=""3.0.47""][/et_pb_wc_title][et_pb_wc_rating _builder_version=""4.9.7"" rating_text_color=""#A625AB""][/et_pb_wc_rating][et_pb_wc_price _builder_version=""4.9.7"" body_text_color=""#A625AB"" background_color=""RGBA(0,0,0,0)""][/et_pb_wc_price][et_pb_wc_description _builder_version=""3.0.47""][/et_pb_wc_description][et_pb_wc_add_to_cart _builder_version=""4.9.7"" custom_button=""on"" button_text_color=""#CB0AA0""][/et_pb_wc_add_to_cart][et_pb_wc_meta _builder_version=""3.0.47""][/et_pb_wc_meta][/et_pb_column][/et_pb_row][et_pb_row _builder_version=""3.25"" background_size=""initial"" background_position=""top_left"" background_repeat=""repeat"" width=""100%""][et_pb_column type=""4_4"" _builder_version=""3.25"" custom_padding=""|||"" custom_padding__hover=""|||""][et_pb_wc_tabs _builder_version=""3.0.47""]					[/et_pb_wc_tabs][et_pb_wc_upsells _builder_version=""3.0.47""][/et_pb_wc_upsells][et_pb_wc_related_products _builder_version=""3.0.47""][/et_pb_wc_related_products][/et_pb_column][/et_pb_row][/et_pb_section]",publish,,0,"2021-07-06 16:47:30",1,open,,,,,no,no,,26,,,,7,26,,,instock,no,no,,no,taxable,,,,,,'-1,'-1,,,"http://projet-woocommerce.loc/wp-content/uploads/2021/07/IMG20210612091603-removebg-preview.png ! alt :  ! title : IMG20210612091603-removebg-preview ! desc :  ! caption : ",,http://projet-woocommerce.loc/boutique/gourde/gourde-miss-turtle-8/,simple,,gourde,500ml|gourde,,,,,
"Gourde Miss Turtle",gourde-miss-turtle-9,,169,"Miss Turtle 500 ml

Fabrication française.

Conservation de la température : 12h le chaud et 24h le froid.","[et_pb_section fb_built=""1"" _builder_version=""3.22"" custom_padding=""0px||||false|false""][et_pb_row _builder_version=""3.25"" background_size=""initial"" background_position=""top_left"" background_repeat=""repeat"" width=""100%"" custom_padding=""0px||0px||false|false""][et_pb_column type=""4_4"" _builder_version=""3.25"" custom_padding=""|||"" custom_padding__hover=""|||""][et_pb_wc_breadcrumb _builder_version=""4.9.7"" custom_css_main_element=""padding:15px;""][/et_pb_wc_breadcrumb][et_pb_wc_cart_notice _builder_version=""4.9.7"" background_color=""#A625AB""][/et_pb_wc_cart_notice][/et_pb_column][/et_pb_row][et_pb_row column_structure=""1_2,1_2"" _builder_version=""3.25"" background_size=""initial"" background_position=""top_left"" background_repeat=""repeat"" width=""100%"" custom_padding=""0px||||false|false""][et_pb_column type=""1_2"" _builder_version=""3.25"" custom_padding=""|||"" custom_padding__hover=""|||""][et_pb_wc_images _builder_version=""4.9.7"" custom_css_main_element=""width:50%;||margin:0 auto;||padding: 20px;""][/et_pb_wc_images][/et_pb_column][et_pb_column type=""1_2"" _builder_version=""3.25"" custom_padding=""|||"" custom_padding__hover=""|||""][et_pb_wc_title _builder_version=""3.0.47""][/et_pb_wc_title][et_pb_wc_rating _builder_version=""4.9.7"" rating_text_color=""#A625AB""][/et_pb_wc_rating][et_pb_wc_price _builder_version=""4.9.7"" body_text_color=""#A625AB"" background_color=""RGBA(0,0,0,0)""][/et_pb_wc_price][et_pb_wc_description _builder_version=""3.0.47""][/et_pb_wc_description][et_pb_wc_add_to_cart _builder_version=""4.9.7"" custom_button=""on"" button_text_color=""#CB0AA0""][/et_pb_wc_add_to_cart][et_pb_wc_meta _builder_version=""3.0.47""][/et_pb_wc_meta][/et_pb_column][/et_pb_row][et_pb_row _builder_version=""3.25"" background_size=""initial"" background_position=""top_left"" background_repeat=""repeat"" width=""100%""][et_pb_column type=""4_4"" _builder_version=""3.25"" custom_padding=""|||"" custom_padding__hover=""|||""][et_pb_wc_tabs _builder_version=""3.0.47""]					[/et_pb_wc_tabs][et_pb_wc_upsells _builder_version=""3.0.47""][/et_pb_wc_upsells][et_pb_wc_related_products _builder_version=""3.0.47""][/et_pb_wc_related_products][/et_pb_column][/et_pb_row][/et_pb_section]",publish,,0,"2021-07-06 16:47:33",1,open,,,,,no,no,,26,,,,7,26,,,instock,no,no,,no,taxable,,,,,,'-1,'-1,,,"http://projet-woocommerce.loc/wp-content/uploads/2021/07/IMG20210612091615-removebg-preview.png ! alt :  ! title : IMG20210612091615-removebg-preview ! desc :  ! caption : ",,http://projet-woocommerce.loc/boutique/gourde/gourde-miss-turtle-9/,simple,,gourde,500ml|gourde,,,,,
"Gourde Endro",170,,170,"<p style=""font-weight: 400;"">Finissez-en avec les bouteilles en plastique à usage unique et choisissez une gourde isotherme pour conserver la température de vos boissons jusqu'à 12h. Fabriquées à partir de matériaux responsables, l'inox et le bambou, nos gourdes isothermes sont <b><strong>réutilisables</strong></b>.</p>
<p style=""font-weight: 400;"">A la maison ou en extérieur, conservez toutes vos boissons, froides ou chaudes, à la température idéale de dégustation. La composition en inox de notre gourde est prévue pour vous permettre de conserver votre boisson <b><strong>jusqu'à 12h sans changement de température.</strong></b> Sa contenance de 0,5L est un parfait compromis pour vous offrir une quantité suffisante tout en gardant un <b><strong>design compact</strong></b> pour l'emmener partout avec vous.</p>","[et_pb_section fb_built=""1"" _builder_version=""3.22"" custom_padding=""0px||||false|false""][et_pb_row _builder_version=""3.25"" background_size=""initial"" background_position=""top_left"" background_repeat=""repeat"" width=""100%"" custom_padding=""0px||0px||false|false""][et_pb_column type=""4_4"" _builder_version=""3.25"" custom_padding=""|||"" custom_padding__hover=""|||""][et_pb_wc_breadcrumb _builder_version=""4.9.7"" custom_css_main_element=""padding:15px;""][/et_pb_wc_breadcrumb][et_pb_wc_cart_notice _builder_version=""4.9.7"" background_color=""#A625AB""][/et_pb_wc_cart_notice][/et_pb_column][/et_pb_row][et_pb_row column_structure=""1_2,1_2"" _builder_version=""3.25"" background_size=""initial"" background_position=""top_left"" background_repeat=""repeat"" width=""100%"" custom_padding=""0px||||false|false""][et_pb_column type=""1_2"" _builder_version=""3.25"" custom_padding=""|||"" custom_padding__hover=""|||""][et_pb_wc_images _builder_version=""4.9.7"" custom_css_main_element=""width:50%;||margin:0 auto;||padding: 20px;""][/et_pb_wc_images][/et_pb_column][et_pb_column type=""1_2"" _builder_version=""3.25"" custom_padding=""|||"" custom_padding__hover=""|||""][et_pb_wc_title _builder_version=""3.0.47""][/et_pb_wc_title][et_pb_wc_rating _builder_version=""4.9.7"" rating_text_color=""#A625AB""][/et_pb_wc_rating][et_pb_wc_price _builder_version=""4.9.7"" body_text_color=""#A625AB"" background_color=""RGBA(0,0,0,0)""][/et_pb_wc_price][et_pb_wc_description _builder_version=""3.0.47""][/et_pb_wc_description][et_pb_wc_add_to_cart _builder_version=""4.9.7"" custom_button=""on"" button_text_color=""#CB0AA0""][/et_pb_wc_add_to_cart][et_pb_wc_meta _builder_version=""3.0.47""][/et_pb_wc_meta][/et_pb_column][/et_pb_row][et_pb_row _builder_version=""3.25"" background_size=""initial"" background_position=""top_left"" background_repeat=""repeat"" width=""100%""][et_pb_column type=""4_4"" _builder_version=""3.25"" custom_padding=""|||"" custom_padding__hover=""|||""][et_pb_wc_tabs _builder_version=""3.0.47""]					[/et_pb_wc_tabs][et_pb_wc_upsells _builder_version=""3.0.47""][/et_pb_wc_upsells][et_pb_wc_related_products _builder_version=""3.0.47""][/et_pb_wc_related_products][/et_pb_column][/et_pb_row][/et_pb_section]",publish,,0,"2021-07-06 16:48:51",1,open,,,,,no,no,,29,,,,,,,,instock,no,no,,no,taxable,,,,,,'-1,'-1,,,"http://projet-woocommerce.loc/wp-content/uploads/2021/07/IMG20210612161852-removebg-preview.png ! alt :  ! title : IMG20210612161852-removebg-preview ! desc :  ! caption : ",,http://projet-woocommerce.loc/boutique/gourde/170/,simple,,gourde,500ml|gourde,,,,,
"Gourde Endro",gourde-endro,,171,"<p style=""font-weight: 400;"">Finissez-en avec les bouteilles en plastique à usage unique et choisissez une gourde isotherme pour conserver la température de vos boissons jusqu'à 12h. Fabriquées à partir de matériaux responsables, l'inox et le bambou, nos gourdes isothermes sont <b><strong>réutilisables</strong></b>.</p>
<p style=""font-weight: 400;"">A la maison ou en extérieur, conservez toutes vos boissons, froides ou chaudes, à la température idéale de dégustation. La composition en inox de notre gourde est prévue pour vous permettre de conserver votre boisson <b><strong>jusqu'à 12h sans changement de température.</strong></b> Sa contenance de 0,5L est un parfait compromis pour vous offrir une quantité suffisante tout en gardant un <b><strong>design compact</strong></b> pour l'emmener partout avec vous.</p>","[et_pb_section fb_built=""1"" _builder_version=""3.22"" custom_padding=""0px||||false|false""][et_pb_row _builder_version=""3.25"" background_size=""initial"" background_position=""top_left"" background_repeat=""repeat"" width=""100%"" custom_padding=""0px||0px||false|false""][et_pb_column type=""4_4"" _builder_version=""3.25"" custom_padding=""|||"" custom_padding__hover=""|||""][et_pb_wc_breadcrumb _builder_version=""4.9.7"" custom_css_main_element=""padding:15px;""][/et_pb_wc_breadcrumb][et_pb_wc_cart_notice _builder_version=""4.9.7"" background_color=""#A625AB""][/et_pb_wc_cart_notice][/et_pb_column][/et_pb_row][et_pb_row column_structure=""1_2,1_2"" _builder_version=""3.25"" background_size=""initial"" background_position=""top_left"" background_repeat=""repeat"" width=""100%"" custom_padding=""0px||||false|false""][et_pb_column type=""1_2"" _builder_version=""3.25"" custom_padding=""|||"" custom_padding__hover=""|||""][et_pb_wc_images _builder_version=""4.9.7"" custom_css_main_element=""width:50%;||margin:0 auto;||padding: 20px;""][/et_pb_wc_images][/et_pb_column][et_pb_column type=""1_2"" _builder_version=""3.25"" custom_padding=""|||"" custom_padding__hover=""|||""][et_pb_wc_title _builder_version=""3.0.47""][/et_pb_wc_title][et_pb_wc_rating _builder_version=""4.9.7"" rating_text_color=""#A625AB""][/et_pb_wc_rating][et_pb_wc_price _builder_version=""4.9.7"" body_text_color=""#A625AB"" background_color=""RGBA(0,0,0,0)""][/et_pb_wc_price][et_pb_wc_description _builder_version=""3.0.47""][/et_pb_wc_description][et_pb_wc_add_to_cart _builder_version=""4.9.7"" custom_button=""on"" button_text_color=""#CB0AA0""][/et_pb_wc_add_to_cart][et_pb_wc_meta _builder_version=""3.0.47""][/et_pb_wc_meta][/et_pb_column][/et_pb_row][et_pb_row _builder_version=""3.25"" background_size=""initial"" background_position=""top_left"" background_repeat=""repeat"" width=""100%""][et_pb_column type=""4_4"" _builder_version=""3.25"" custom_padding=""|||"" custom_padding__hover=""|||""][et_pb_wc_tabs _builder_version=""3.0.47""]					[/et_pb_wc_tabs][et_pb_wc_upsells _builder_version=""3.0.47""][/et_pb_wc_upsells][et_pb_wc_related_products _builder_version=""3.0.47""][/et_pb_wc_related_products][/et_pb_column][/et_pb_row][/et_pb_section]",publish,,0,"2021-07-06 16:59:42",1,open,,,,,no,no,,29,,,,,,,,instock,no,no,,no,taxable,,,,,,'-1,'-1,,,"http://projet-woocommerce.loc/wp-content/uploads/2021/07/IMG20210612161915-removebg-preview.png ! alt :  ! title : IMG20210612161915-removebg-preview ! desc :  ! caption : ",,http://projet-woocommerce.loc/boutique/gourde/gourde-endro/,simple,,gourde,500ml|gourde,,,,,
"Gourde Endro",gourde-endro-copie,,172,"<p style=""font-weight: 400;"">Finissez-en avec les bouteilles en plastique à usage unique et choisissez une gourde isotherme pour conserver la température de vos boissons jusqu'à 12h. Fabriquées à partir de matériaux responsables, l'inox et le bambou, nos gourdes isothermes sont <b><strong>réutilisables</strong></b>.</p>
<p style=""font-weight: 400;"">A la maison ou en extérieur, conservez toutes vos boissons, froides ou chaudes, à la température idéale de dégustation. La composition en inox de notre gourde est prévue pour vous permettre de conserver votre boisson <b><strong>jusqu'à 12h sans changement de température.</strong></b> Sa contenance de 0,5L est un parfait compromis pour vous offrir une quantité suffisante tout en gardant un <b><strong>design compact</strong></b> pour l'emmener partout avec vous.</p>","[et_pb_section fb_built=""1"" _builder_version=""3.22"" custom_padding=""0px||||false|false""][et_pb_row _builder_version=""3.25"" background_size=""initial"" background_position=""top_left"" background_repeat=""repeat"" width=""100%"" custom_padding=""0px||0px||false|false""][et_pb_column type=""4_4"" _builder_version=""3.25"" custom_padding=""|||"" custom_padding__hover=""|||""][et_pb_wc_breadcrumb _builder_version=""4.9.7"" custom_css_main_element=""padding:15px;""][/et_pb_wc_breadcrumb][et_pb_wc_cart_notice _builder_version=""4.9.7"" background_color=""#A625AB""][/et_pb_wc_cart_notice][/et_pb_column][/et_pb_row][et_pb_row column_structure=""1_2,1_2"" _builder_version=""3.25"" background_size=""initial"" background_position=""top_left"" background_repeat=""repeat"" width=""100%"" custom_padding=""0px||||false|false""][et_pb_column type=""1_2"" _builder_version=""3.25"" custom_padding=""|||"" custom_padding__hover=""|||""][et_pb_wc_images _builder_version=""4.9.7"" custom_css_main_element=""width:50%;||margin:0 auto;||padding: 20px;""][/et_pb_wc_images][/et_pb_column][et_pb_column type=""1_2"" _builder_version=""3.25"" custom_padding=""|||"" custom_padding__hover=""|||""][et_pb_wc_title _builder_version=""3.0.47""][/et_pb_wc_title][et_pb_wc_rating _builder_version=""4.9.7"" rating_text_color=""#A625AB""][/et_pb_wc_rating][et_pb_wc_price _builder_version=""4.9.7"" body_text_color=""#A625AB"" background_color=""RGBA(0,0,0,0)""][/et_pb_wc_price][et_pb_wc_description _builder_version=""3.0.47""][/et_pb_wc_description][et_pb_wc_add_to_cart _builder_version=""4.9.7"" custom_button=""on"" button_text_color=""#CB0AA0""][/et_pb_wc_add_to_cart][et_pb_wc_meta _builder_version=""3.0.47""][/et_pb_wc_meta][/et_pb_column][/et_pb_row][et_pb_row _builder_version=""3.25"" background_size=""initial"" background_position=""top_left"" background_repeat=""repeat"" width=""100%""][et_pb_column type=""4_4"" _builder_version=""3.25"" custom_padding=""|||"" custom_padding__hover=""|||""][et_pb_wc_tabs _builder_version=""3.0.47""]					[/et_pb_wc_tabs][et_pb_wc_upsells _builder_version=""3.0.47""][/et_pb_wc_upsells][et_pb_wc_related_products _builder_version=""3.0.47""][/et_pb_wc_related_products][/et_pb_column][/et_pb_row][/et_pb_section]",publish,,0,"2021-07-06 16:59:44",1,open,,,,,no,no,,29,,,,,,,,instock,no,no,,no,taxable,,,,,,'-1,'-1,,,"http://projet-woocommerce.loc/wp-content/uploads/2021/07/IMG20210612161924-removebg-preview.png ! alt :  ! title : IMG20210612161924-removebg-preview ! desc :  ! caption : ",,http://projet-woocommerce.loc/boutique/gourde/gourde-endro-copie/,simple,,gourde,500ml|gourde,,,,,
"Infuseur en céramique coloré",infuseur-en-ceramique-colore,,200,"<p style=""font-weight: 400;"">Tasse à thé avec couvercle en céramique et infuseur en acier inoxydable.</p>","[et_pb_section fb_built=""1"" _builder_version=""3.22"" custom_padding=""0px||||false|false""][et_pb_row _builder_version=""3.25"" background_size=""initial"" background_position=""top_left"" background_repeat=""repeat"" width=""100%"" custom_padding=""0px||0px||false|false""][et_pb_column type=""4_4"" _builder_version=""3.25"" custom_padding=""|||"" custom_padding__hover=""|||""][et_pb_wc_breadcrumb _builder_version=""4.9.7"" custom_css_main_element=""padding:15px;""][/et_pb_wc_breadcrumb][et_pb_wc_cart_notice _builder_version=""4.9.7"" background_color=""#A625AB""][/et_pb_wc_cart_notice][/et_pb_column][/et_pb_row][et_pb_row column_structure=""1_2,1_2"" _builder_version=""3.25"" background_size=""initial"" background_position=""top_left"" background_repeat=""repeat"" width=""100%"" custom_padding=""0px||||false|false""][et_pb_column type=""1_2"" _builder_version=""3.25"" custom_padding=""|||"" custom_padding__hover=""|||""][et_pb_wc_images _builder_version=""4.9.7"" custom_css_main_element=""width:50%;||margin:0 auto;||padding: 20px;""][/et_pb_wc_images][/et_pb_column][et_pb_column type=""1_2"" _builder_version=""3.25"" custom_padding=""|||"" custom_padding__hover=""|||""][et_pb_wc_title _builder_version=""3.0.47""][/et_pb_wc_title][et_pb_wc_rating _builder_version=""4.9.7"" rating_text_color=""#A625AB""][/et_pb_wc_rating][et_pb_wc_price _builder_version=""4.9.7"" body_text_color=""#A625AB"" background_color=""RGBA(0,0,0,0)""][/et_pb_wc_price][et_pb_wc_description _builder_version=""3.0.47""][/et_pb_wc_description][et_pb_wc_add_to_cart _builder_version=""4.9.7"" custom_button=""on"" button_text_color=""#CB0AA0""][/et_pb_wc_add_to_cart][et_pb_wc_meta _builder_version=""3.0.47""][/et_pb_wc_meta][/et_pb_column][/et_pb_row][et_pb_row _builder_version=""3.25"" background_size=""initial"" background_position=""top_left"" background_repeat=""repeat"" width=""100%""][et_pb_column type=""4_4"" _builder_version=""3.25"" custom_padding=""|||"" custom_padding__hover=""|||""][et_pb_wc_tabs _builder_version=""3.0.47""]					[/et_pb_wc_tabs][et_pb_wc_upsells _builder_version=""3.0.47""][/et_pb_wc_upsells][et_pb_wc_related_products _builder_version=""3.0.47""][/et_pb_wc_related_products][/et_pb_column][/et_pb_row][/et_pb_section]",publish,,0,"2021-07-07 12:09:35",1,open,,,,,no,no,,14,,,,,,,,instock,no,no,,no,taxable,,,,,,'-1,'-1,,,"http://projet-woocommerce.loc/wp-content/uploads/2021/07/IMG20210612102752-removebg-preview.png ! alt :  ! title : IMG20210612102752-removebg-preview ! desc :  ! caption : ",,http://projet-woocommerce.loc/boutique/infuseurs-tasses/infuseur/infuseur-en-ceramique-colore/,simple,,"Infuseurs / Tasses > Infuseur",infuseur|tasse,,,,,
"Infuseur en céramique coloré",infuseur-en-ceramique-colore-2,,222,"<p style=""font-weight: 400;"">Tasse à thé avec couvercle en céramique et infuseur en acier inoxydable.</p>","[et_pb_section fb_built=""1"" _builder_version=""3.22"" custom_padding=""0px||||false|false""][et_pb_row _builder_version=""3.25"" background_size=""initial"" background_position=""top_left"" background_repeat=""repeat"" width=""100%"" custom_padding=""0px||0px||false|false""][et_pb_column type=""4_4"" _builder_version=""3.25"" custom_padding=""|||"" custom_padding__hover=""|||""][et_pb_wc_breadcrumb _builder_version=""4.9.7"" custom_css_main_element=""padding:15px;""][/et_pb_wc_breadcrumb][et_pb_wc_cart_notice _builder_version=""4.9.7"" background_color=""#A625AB""][/et_pb_wc_cart_notice][/et_pb_column][/et_pb_row][et_pb_row column_structure=""1_2,1_2"" _builder_version=""3.25"" background_size=""initial"" background_position=""top_left"" background_repeat=""repeat"" width=""100%"" custom_padding=""0px||||false|false""][et_pb_column type=""1_2"" _builder_version=""3.25"" custom_padding=""|||"" custom_padding__hover=""|||""][et_pb_wc_images _builder_version=""4.9.7"" custom_css_main_element=""width:50%;||margin:0 auto;||padding: 20px;""][/et_pb_wc_images][/et_pb_column][et_pb_column type=""1_2"" _builder_version=""3.25"" custom_padding=""|||"" custom_padding__hover=""|||""][et_pb_wc_title _builder_version=""3.0.47""][/et_pb_wc_title][et_pb_wc_rating _builder_version=""4.9.7"" rating_text_color=""#A625AB""][/et_pb_wc_rating][et_pb_wc_price _builder_version=""4.9.7"" body_text_color=""#A625AB"" background_color=""RGBA(0,0,0,0)""][/et_pb_wc_price][et_pb_wc_description _builder_version=""3.0.47""][/et_pb_wc_description][et_pb_wc_add_to_cart _builder_version=""4.9.7"" custom_button=""on"" button_text_color=""#CB0AA0""][/et_pb_wc_add_to_cart][et_pb_wc_meta _builder_version=""3.0.47""][/et_pb_wc_meta][/et_pb_column][/et_pb_row][et_pb_row _builder_version=""3.25"" background_size=""initial"" background_position=""top_left"" background_repeat=""repeat"" width=""100%""][et_pb_column type=""4_4"" _builder_version=""3.25"" custom_padding=""|||"" custom_padding__hover=""|||""][et_pb_wc_tabs _builder_version=""3.0.47""]					[/et_pb_wc_tabs][et_pb_wc_upsells _builder_version=""3.0.47""][/et_pb_wc_upsells][et_pb_wc_related_products _builder_version=""3.0.47""][/et_pb_wc_related_products][/et_pb_column][/et_pb_row][/et_pb_section]",publish,,0,"2021-07-07 12:24:17",1,open,,,,,no,no,,14,,,,,,,,instock,no,no,,no,taxable,,,,,,'-1,'-1,,,"http://projet-woocommerce.loc/wp-content/uploads/2021/07/IMG20210612103208-removebg-preview.png ! alt :  ! title : IMG20210612103208-removebg-preview ! desc :  ! caption : ",,http://projet-woocommerce.loc/boutique/infuseurs-tasses/infuseur/infuseur-en-ceramique-colore-2/,simple,,"Infuseurs / Tasses > Infuseur",infuseur|tasse,,,,,
"Infuseur en céramique coloré",infuseur-en-ceramique-colore-3,,223,"<p style=""font-weight: 400;"">Tasse à thé avec couvercle en céramique et infuseur en acier inoxydable.</p>","[et_pb_section fb_built=""1"" _builder_version=""3.22"" custom_padding=""0px||||false|false""][et_pb_row _builder_version=""3.25"" background_size=""initial"" background_position=""top_left"" background_repeat=""repeat"" width=""100%"" custom_padding=""0px||0px||false|false""][et_pb_column type=""4_4"" _builder_version=""3.25"" custom_padding=""|||"" custom_padding__hover=""|||""][et_pb_wc_breadcrumb _builder_version=""4.9.7"" custom_css_main_element=""padding:15px;""][/et_pb_wc_breadcrumb][et_pb_wc_cart_notice _builder_version=""4.9.7"" background_color=""#A625AB""][/et_pb_wc_cart_notice][/et_pb_column][/et_pb_row][et_pb_row column_structure=""1_2,1_2"" _builder_version=""3.25"" background_size=""initial"" background_position=""top_left"" background_repeat=""repeat"" width=""100%"" custom_padding=""0px||||false|false""][et_pb_column type=""1_2"" _builder_version=""3.25"" custom_padding=""|||"" custom_padding__hover=""|||""][et_pb_wc_images _builder_version=""4.9.7"" custom_css_main_element=""width:50%;||margin:0 auto;||padding: 20px;""][/et_pb_wc_images][/et_pb_column][et_pb_column type=""1_2"" _builder_version=""3.25"" custom_padding=""|||"" custom_padding__hover=""|||""][et_pb_wc_title _builder_version=""3.0.47""][/et_pb_wc_title][et_pb_wc_rating _builder_version=""4.9.7"" rating_text_color=""#A625AB""][/et_pb_wc_rating][et_pb_wc_price _builder_version=""4.9.7"" body_text_color=""#A625AB"" background_color=""RGBA(0,0,0,0)""][/et_pb_wc_price][et_pb_wc_description _builder_version=""3.0.47""][/et_pb_wc_description][et_pb_wc_add_to_cart _builder_version=""4.9.7"" custom_button=""on"" button_text_color=""#CB0AA0""][/et_pb_wc_add_to_cart][et_pb_wc_meta _builder_version=""3.0.47""][/et_pb_wc_meta][/et_pb_column][/et_pb_row][et_pb_row _builder_version=""3.25"" background_size=""initial"" background_position=""top_left"" background_repeat=""repeat"" width=""100%""][et_pb_column type=""4_4"" _builder_version=""3.25"" custom_padding=""|||"" custom_padding__hover=""|||""][et_pb_wc_tabs _builder_version=""3.0.47""]					[/et_pb_wc_tabs][et_pb_wc_upsells _builder_version=""3.0.47""][/et_pb_wc_upsells][et_pb_wc_related_products _builder_version=""3.0.47""][/et_pb_wc_related_products][/et_pb_column][/et_pb_row][/et_pb_section]",publish,,0,"2021-07-07 12:24:19",1,open,,,,,no,no,,14,,,,,,,,instock,no,no,,no,taxable,,,,,,'-1,'-1,,,"http://projet-woocommerce.loc/wp-content/uploads/2021/07/IMG20210612103405-removebg-preview.png ! alt :  ! title : IMG20210612103405-removebg-preview ! desc :  ! caption : ",,http://projet-woocommerce.loc/boutique/infuseurs-tasses/infuseur/infuseur-en-ceramique-colore-3/,simple,,"Infuseurs / Tasses > Infuseur",infuseur|tasse,,,,,
"Infuseur en céramique coloré",infuseur-en-ceramique-colore-4,,224,"<p style=""font-weight: 400;"">Tasse à thé avec couvercle en céramique et infuseur en acier inoxydable.</p>","[et_pb_section fb_built=""1"" _builder_version=""3.22"" custom_padding=""0px||||false|false""][et_pb_row _builder_version=""3.25"" background_size=""initial"" background_position=""top_left"" background_repeat=""repeat"" width=""100%"" custom_padding=""0px||0px||false|false""][et_pb_column type=""4_4"" _builder_version=""3.25"" custom_padding=""|||"" custom_padding__hover=""|||""][et_pb_wc_breadcrumb _builder_version=""4.9.7"" custom_css_main_element=""padding:15px;""][/et_pb_wc_breadcrumb][et_pb_wc_cart_notice _builder_version=""4.9.7"" background_color=""#A625AB""][/et_pb_wc_cart_notice][/et_pb_column][/et_pb_row][et_pb_row column_structure=""1_2,1_2"" _builder_version=""3.25"" background_size=""initial"" background_position=""top_left"" background_repeat=""repeat"" width=""100%"" custom_padding=""0px||||false|false""][et_pb_column type=""1_2"" _builder_version=""3.25"" custom_padding=""|||"" custom_padding__hover=""|||""][et_pb_wc_images _builder_version=""4.9.7"" custom_css_main_element=""width:50%;||margin:0 auto;||padding: 20px;""][/et_pb_wc_images][/et_pb_column][et_pb_column type=""1_2"" _builder_version=""3.25"" custom_padding=""|||"" custom_padding__hover=""|||""][et_pb_wc_title _builder_version=""3.0.47""][/et_pb_wc_title][et_pb_wc_rating _builder_version=""4.9.7"" rating_text_color=""#A625AB""][/et_pb_wc_rating][et_pb_wc_price _builder_version=""4.9.7"" body_text_color=""#A625AB"" background_color=""RGBA(0,0,0,0)""][/et_pb_wc_price][et_pb_wc_description _builder_version=""3.0.47""][/et_pb_wc_description][et_pb_wc_add_to_cart _builder_version=""4.9.7"" custom_button=""on"" button_text_color=""#CB0AA0""][/et_pb_wc_add_to_cart][et_pb_wc_meta _builder_version=""3.0.47""][/et_pb_wc_meta][/et_pb_column][/et_pb_row][et_pb_row _builder_version=""3.25"" background_size=""initial"" background_position=""top_left"" background_repeat=""repeat"" width=""100%""][et_pb_column type=""4_4"" _builder_version=""3.25"" custom_padding=""|||"" custom_padding__hover=""|||""][et_pb_wc_tabs _builder_version=""3.0.47""]					[/et_pb_wc_tabs][et_pb_wc_upsells _builder_version=""3.0.47""][/et_pb_wc_upsells][et_pb_wc_related_products _builder_version=""3.0.47""][/et_pb_wc_related_products][/et_pb_column][/et_pb_row][/et_pb_section]",publish,,0,"2021-07-07 12:24:21",1,open,,,,,no,no,,14,,,,,,,,instock,no,no,,no,taxable,,,,,,'-1,'-1,,,"http://projet-woocommerce.loc/wp-content/uploads/2021/07/IMG20210612103702-removebg-preview.png ! alt :  ! title : IMG20210612103702-removebg-preview ! desc :  ! caption : ",,http://projet-woocommerce.loc/boutique/infuseurs-tasses/infuseur/infuseur-en-ceramique-colore-4/,simple,,"Infuseurs / Tasses > Infuseur",infuseur|tasse,,,,,
"Infuseur en grès couleur écru - OGO",infuseur-en-gres-couleur-ecru-ogo,,225,"<p style=""font-weight: 400;"">Tasse à thé en grès avec couvercle en bois et infuseur en acier inoxydable.</p>","[et_pb_section fb_built=""1"" _builder_version=""3.22"" custom_padding=""0px||||false|false""][et_pb_row _builder_version=""3.25"" background_size=""initial"" background_position=""top_left"" background_repeat=""repeat"" width=""100%"" custom_padding=""0px||0px||false|false""][et_pb_column type=""4_4"" _builder_version=""3.25"" custom_padding=""|||"" custom_padding__hover=""|||""][et_pb_wc_breadcrumb _builder_version=""4.9.7"" custom_css_main_element=""padding:15px;""][/et_pb_wc_breadcrumb][et_pb_wc_cart_notice _builder_version=""4.9.7"" background_color=""#A625AB""][/et_pb_wc_cart_notice][/et_pb_column][/et_pb_row][et_pb_row column_structure=""1_2,1_2"" _builder_version=""3.25"" background_size=""initial"" background_position=""top_left"" background_repeat=""repeat"" width=""100%"" custom_padding=""0px||||false|false""][et_pb_column type=""1_2"" _builder_version=""3.25"" custom_padding=""|||"" custom_padding__hover=""|||""][et_pb_wc_images _builder_version=""4.9.7"" custom_css_main_element=""width:50%;||margin:0 auto;||padding: 20px;""][/et_pb_wc_images][/et_pb_column][et_pb_column type=""1_2"" _builder_version=""3.25"" custom_padding=""|||"" custom_padding__hover=""|||""][et_pb_wc_title _builder_version=""3.0.47""][/et_pb_wc_title][et_pb_wc_rating _builder_version=""4.9.7"" rating_text_color=""#A625AB""][/et_pb_wc_rating][et_pb_wc_price _builder_version=""4.9.7"" body_text_color=""#A625AB"" background_color=""RGBA(0,0,0,0)""][/et_pb_wc_price][et_pb_wc_description _builder_version=""3.0.47""][/et_pb_wc_description][et_pb_wc_add_to_cart _builder_version=""4.9.7"" custom_button=""on"" button_text_color=""#CB0AA0""][/et_pb_wc_add_to_cart][et_pb_wc_meta _builder_version=""3.0.47""][/et_pb_wc_meta][/et_pb_column][/et_pb_row][et_pb_row _builder_version=""3.25"" background_size=""initial"" background_position=""top_left"" background_repeat=""repeat"" width=""100%""][et_pb_column type=""4_4"" _builder_version=""3.25"" custom_padding=""|||"" custom_padding__hover=""|||""][et_pb_wc_tabs _builder_version=""3.0.47""]					[/et_pb_wc_tabs][et_pb_wc_upsells _builder_version=""3.0.47""][/et_pb_wc_upsells][et_pb_wc_related_products _builder_version=""3.0.47""][/et_pb_wc_related_products][/et_pb_column][/et_pb_row][/et_pb_section]",publish,,0,"2021-07-07 12:24:24",1,open,,,,,no,no,,19,,,,,,,,instock,no,no,,no,taxable,,,,,,'-1,'-1,,,"http://projet-woocommerce.loc/wp-content/uploads/2021/07/IMG20210612103835-removebg-preview.png ! alt :  ! title : IMG20210612103835-removebg-preview ! desc :  ! caption : ",,http://projet-woocommerce.loc/boutique/infuseurs-tasses/infuseur/infuseur-en-gres-couleur-ecru-ogo/,simple,,"Infuseurs / Tasses > Infuseur",infuseur|tasse,,,,,
"Infuseur en grès couleur moutarde - OGO",infuseur-en-gres-couleur-moutarde-ogo,,228,"<p style=""font-weight: 400;"">Tasse à thé en grès avec couvercle en bois et infuseur en acier inoxydable.</p>","[et_pb_section fb_built=""1"" _builder_version=""3.22"" custom_padding=""0px||||false|false""][et_pb_row _builder_version=""3.25"" background_size=""initial"" background_position=""top_left"" background_repeat=""repeat"" width=""100%"" custom_padding=""0px||0px||false|false""][et_pb_column type=""4_4"" _builder_version=""3.25"" custom_padding=""|||"" custom_padding__hover=""|||""][et_pb_wc_breadcrumb _builder_version=""4.9.7"" custom_css_main_element=""padding:15px;""][/et_pb_wc_breadcrumb][et_pb_wc_cart_notice _builder_version=""4.9.7"" background_color=""#A625AB""][/et_pb_wc_cart_notice][/et_pb_column][/et_pb_row][et_pb_row column_structure=""1_2,1_2"" _builder_version=""3.25"" background_size=""initial"" background_position=""top_left"" background_repeat=""repeat"" width=""100%"" custom_padding=""0px||||false|false""][et_pb_column type=""1_2"" _builder_version=""3.25"" custom_padding=""|||"" custom_padding__hover=""|||""][et_pb_wc_images _builder_version=""4.9.7"" custom_css_main_element=""width:50%;||margin:0 auto;||padding: 20px;""][/et_pb_wc_images][/et_pb_column][et_pb_column type=""1_2"" _builder_version=""3.25"" custom_padding=""|||"" custom_padding__hover=""|||""][et_pb_wc_title _builder_version=""3.0.47""][/et_pb_wc_title][et_pb_wc_rating _builder_version=""4.9.7"" rating_text_color=""#A625AB""][/et_pb_wc_rating][et_pb_wc_price _builder_version=""4.9.7"" body_text_color=""#A625AB"" background_color=""RGBA(0,0,0,0)""][/et_pb_wc_price][et_pb_wc_description _builder_version=""3.0.47""][/et_pb_wc_description][et_pb_wc_add_to_cart _builder_version=""4.9.7"" custom_button=""on"" button_text_color=""#CB0AA0""][/et_pb_wc_add_to_cart][et_pb_wc_meta _builder_version=""3.0.47""][/et_pb_wc_meta][/et_pb_column][/et_pb_row][et_pb_row _builder_version=""3.25"" background_size=""initial"" background_position=""top_left"" background_repeat=""repeat"" width=""100%""][et_pb_column type=""4_4"" _builder_version=""3.25"" custom_padding=""|||"" custom_padding__hover=""|||""][et_pb_wc_tabs _builder_version=""3.0.47""]					[/et_pb_wc_tabs][et_pb_wc_upsells _builder_version=""3.0.47""][/et_pb_wc_upsells][et_pb_wc_related_products _builder_version=""3.0.47""][/et_pb_wc_related_products][/et_pb_column][/et_pb_row][/et_pb_section]",publish,,0,"2021-07-07 12:30:05",1,open,,,,,no,no,,19,,,,,,,,instock,no,no,,no,taxable,,,,,,'-1,'-1,,,"http://projet-woocommerce.loc/wp-content/uploads/2021/07/IMG20210612104019-removebg-preview.png ! alt :  ! title : IMG20210612104019-removebg-preview ! desc :  ! caption : ",,http://projet-woocommerce.loc/boutique/infuseurs-tasses/infuseur/infuseur-en-gres-couleur-moutarde-ogo/,simple,,"Infuseurs / Tasses > Infuseur",infuseur|tasse,,,,,
"Infuseur en grès couleur gris - OGO",infuseur-en-gres-couleur-gris-ogo,,229,"<p style=""font-weight: 400;"">Tasse à thé en grès avec couvercle en bois et infuseur en acier inoxydable.</p>","[et_pb_section fb_built=""1"" _builder_version=""3.22"" custom_padding=""0px||||false|false""][et_pb_row _builder_version=""3.25"" background_size=""initial"" background_position=""top_left"" background_repeat=""repeat"" width=""100%"" custom_padding=""0px||0px||false|false""][et_pb_column type=""4_4"" _builder_version=""3.25"" custom_padding=""|||"" custom_padding__hover=""|||""][et_pb_wc_breadcrumb _builder_version=""4.9.7"" custom_css_main_element=""padding:15px;""][/et_pb_wc_breadcrumb][et_pb_wc_cart_notice _builder_version=""4.9.7"" background_color=""#A625AB""][/et_pb_wc_cart_notice][/et_pb_column][/et_pb_row][et_pb_row column_structure=""1_2,1_2"" _builder_version=""3.25"" background_size=""initial"" background_position=""top_left"" background_repeat=""repeat"" width=""100%"" custom_padding=""0px||||false|false""][et_pb_column type=""1_2"" _builder_version=""3.25"" custom_padding=""|||"" custom_padding__hover=""|||""][et_pb_wc_images _builder_version=""4.9.7"" custom_css_main_element=""width:50%;||margin:0 auto;||padding: 20px;""][/et_pb_wc_images][/et_pb_column][et_pb_column type=""1_2"" _builder_version=""3.25"" custom_padding=""|||"" custom_padding__hover=""|||""][et_pb_wc_title _builder_version=""3.0.47""][/et_pb_wc_title][et_pb_wc_rating _builder_version=""4.9.7"" rating_text_color=""#A625AB""][/et_pb_wc_rating][et_pb_wc_price _builder_version=""4.9.7"" body_text_color=""#A625AB"" background_color=""RGBA(0,0,0,0)""][/et_pb_wc_price][et_pb_wc_description _builder_version=""3.0.47""][/et_pb_wc_description][et_pb_wc_add_to_cart _builder_version=""4.9.7"" custom_button=""on"" button_text_color=""#CB0AA0""][/et_pb_wc_add_to_cart][et_pb_wc_meta _builder_version=""3.0.47""][/et_pb_wc_meta][/et_pb_column][/et_pb_row][et_pb_row _builder_version=""3.25"" background_size=""initial"" background_position=""top_left"" background_repeat=""repeat"" width=""100%""][et_pb_column type=""4_4"" _builder_version=""3.25"" custom_padding=""|||"" custom_padding__hover=""|||""][et_pb_wc_tabs _builder_version=""3.0.47""]					[/et_pb_wc_tabs][et_pb_wc_upsells _builder_version=""3.0.47""][/et_pb_wc_upsells][et_pb_wc_related_products _builder_version=""3.0.47""][/et_pb_wc_related_products][/et_pb_column][/et_pb_row][/et_pb_section]",publish,,0,"2021-07-07 12:31:12",1,open,,,,,no,no,,19,,,,,,,,instock,no,no,,no,taxable,,,,,,'-1,'-1,,,"http://projet-woocommerce.loc/wp-content/uploads/2021/07/IMG20210612104110-removebg-preview.png ! alt :  ! title : IMG20210612104110-removebg-preview ! desc :  ! caption : ",,http://projet-woocommerce.loc/boutique/infuseurs-tasses/infuseur/infuseur-en-gres-couleur-gris-ogo/,simple,,"Infuseurs / Tasses > Infuseur",infuseur|tasse,,,,,
"Lot 2 Mug en grès - OGO",lot-2-mug-en-gres-ogo,,230,"<p style=""font-weight: 400;"">Lot de 2 Mug en grès.</p>","[et_pb_section fb_built=""1"" _builder_version=""3.22"" custom_padding=""0px||||false|false""][et_pb_row _builder_version=""3.25"" background_size=""initial"" background_position=""top_left"" background_repeat=""repeat"" width=""100%"" custom_padding=""0px||0px||false|false""][et_pb_column type=""4_4"" _builder_version=""3.25"" custom_padding=""|||"" custom_padding__hover=""|||""][et_pb_wc_breadcrumb _builder_version=""4.9.7"" custom_css_main_element=""padding:15px;""][/et_pb_wc_breadcrumb][et_pb_wc_cart_notice _builder_version=""4.9.7"" background_color=""#A625AB""][/et_pb_wc_cart_notice][/et_pb_column][/et_pb_row][et_pb_row column_structure=""1_2,1_2"" _builder_version=""3.25"" background_size=""initial"" background_position=""top_left"" background_repeat=""repeat"" width=""100%"" custom_padding=""0px||||false|false""][et_pb_column type=""1_2"" _builder_version=""3.25"" custom_padding=""|||"" custom_padding__hover=""|||""][et_pb_wc_images _builder_version=""4.9.7"" custom_css_main_element=""width:50%;||margin:0 auto;||padding: 20px;""][/et_pb_wc_images][/et_pb_column][et_pb_column type=""1_2"" _builder_version=""3.25"" custom_padding=""|||"" custom_padding__hover=""|||""][et_pb_wc_title _builder_version=""3.0.47""][/et_pb_wc_title][et_pb_wc_rating _builder_version=""4.9.7"" rating_text_color=""#A625AB""][/et_pb_wc_rating][et_pb_wc_price _builder_version=""4.9.7"" body_text_color=""#A625AB"" background_color=""RGBA(0,0,0,0)""][/et_pb_wc_price][et_pb_wc_description _builder_version=""3.0.47""][/et_pb_wc_description][et_pb_wc_add_to_cart _builder_version=""4.9.7"" custom_button=""on"" button_text_color=""#CB0AA0""][/et_pb_wc_add_to_cart][et_pb_wc_meta _builder_version=""3.0.47""][/et_pb_wc_meta][/et_pb_column][/et_pb_row][et_pb_row _builder_version=""3.25"" background_size=""initial"" background_position=""top_left"" background_repeat=""repeat"" width=""100%""][et_pb_column type=""4_4"" _builder_version=""3.25"" custom_padding=""|||"" custom_padding__hover=""|||""][et_pb_wc_tabs _builder_version=""3.0.47""]					[/et_pb_wc_tabs][et_pb_wc_upsells _builder_version=""3.0.47""][/et_pb_wc_upsells][et_pb_wc_related_products _builder_version=""3.0.47""][/et_pb_wc_related_products][/et_pb_column][/et_pb_row][/et_pb_section]",publish,,0,"2021-07-07 13:35:12",1,open,,,,,no,no,,9.95,,,,,,,,instock,no,no,,no,taxable,,,,,,'-1,'-1,,,"http://projet-woocommerce.loc/wp-content/uploads/2021/07/IMG20210612104258-removebg-preview.png ! alt :  ! title : IMG20210612104258-removebg-preview ! desc :  ! caption : ",,http://projet-woocommerce.loc/boutique/infuseurs-tasses/infuseur/lot-2-mug-en-gres-ogo/,simple,,"Infuseurs / Tasses > Infuseur|Infuseurs / Tasses > Tasse / Mug",mug|tasse,,,,,
"Théière en porcelaine 680ml - OGO",theiere-en-porcelaine-680ml-ogo,,231,"<p class=""product_title entry-title"">Théière en porcelaine 680ml de la marque OGO.</p>","[et_pb_section fb_built=""1"" _builder_version=""3.22"" custom_padding=""0px||||false|false""][et_pb_row _builder_version=""3.25"" background_size=""initial"" background_position=""top_left"" background_repeat=""repeat"" width=""100%"" custom_padding=""0px||0px||false|false""][et_pb_column type=""4_4"" _builder_version=""3.25"" custom_padding=""|||"" custom_padding__hover=""|||""][et_pb_wc_breadcrumb _builder_version=""4.9.7"" custom_css_main_element=""padding:15px;""][/et_pb_wc_breadcrumb][et_pb_wc_cart_notice _builder_version=""4.9.7"" background_color=""#A625AB""][/et_pb_wc_cart_notice][/et_pb_column][/et_pb_row][et_pb_row column_structure=""1_2,1_2"" _builder_version=""3.25"" background_size=""initial"" background_position=""top_left"" background_repeat=""repeat"" width=""100%"" custom_padding=""0px||||false|false""][et_pb_column type=""1_2"" _builder_version=""3.25"" custom_padding=""|||"" custom_padding__hover=""|||""][et_pb_wc_images _builder_version=""4.9.7"" custom_css_main_element=""width:50%;||margin:0 auto;||padding: 20px;""][/et_pb_wc_images][/et_pb_column][et_pb_column type=""1_2"" _builder_version=""3.25"" custom_padding=""|||"" custom_padding__hover=""|||""][et_pb_wc_title _builder_version=""3.0.47""][/et_pb_wc_title][et_pb_wc_rating _builder_version=""4.9.7"" rating_text_color=""#A625AB""][/et_pb_wc_rating][et_pb_wc_price _builder_version=""4.9.7"" body_text_color=""#A625AB"" background_color=""RGBA(0,0,0,0)""][/et_pb_wc_price][et_pb_wc_description _builder_version=""3.0.47""][/et_pb_wc_description][et_pb_wc_add_to_cart _builder_version=""4.9.7"" custom_button=""on"" button_text_color=""#CB0AA0""][/et_pb_wc_add_to_cart][et_pb_wc_meta _builder_version=""3.0.47""][/et_pb_wc_meta][/et_pb_column][/et_pb_row][et_pb_row _builder_version=""3.25"" background_size=""initial"" background_position=""top_left"" background_repeat=""repeat"" width=""100%""][et_pb_column type=""4_4"" _builder_version=""3.25"" custom_padding=""|||"" custom_padding__hover=""|||""][et_pb_wc_tabs _builder_version=""3.0.47""]					[/et_pb_wc_tabs][et_pb_wc_upsells _builder_version=""3.0.47""][/et_pb_wc_upsells][et_pb_wc_related_products _builder_version=""3.0.47""][/et_pb_wc_related_products][/et_pb_column][/et_pb_row][/et_pb_section]",publish,,0,"2021-07-07 13:46:20",1,open,,,,,no,no,,35,,,,,,,,instock,no,no,,no,taxable,,,,,,'-1,'-1,,,"http://projet-woocommerce.loc/wp-content/uploads/2021/07/IMG20210612104542-removebg-preview.png ! alt :  ! title : IMG20210612104542-removebg-preview ! desc :  ! caption : ",,http://projet-woocommerce.loc/boutique/theiere/theiere-en-porcelaine-680ml-ogo/,simple,,Théière,théière,,,,,
"Tasse en porcelaine",tasse-en-porcelaine,,232,"<p style=""font-weight: 400;"">Tasse en porcelaine.</p>","[et_pb_section fb_built=""1"" _builder_version=""3.22"" custom_padding=""0px||||false|false""][et_pb_row _builder_version=""3.25"" background_size=""initial"" background_position=""top_left"" background_repeat=""repeat"" width=""100%"" custom_padding=""0px||0px||false|false""][et_pb_column type=""4_4"" _builder_version=""3.25"" custom_padding=""|||"" custom_padding__hover=""|||""][et_pb_wc_breadcrumb _builder_version=""4.9.7"" custom_css_main_element=""padding:15px;""][/et_pb_wc_breadcrumb][et_pb_wc_cart_notice _builder_version=""4.9.7"" background_color=""#A625AB""][/et_pb_wc_cart_notice][/et_pb_column][/et_pb_row][et_pb_row column_structure=""1_2,1_2"" _builder_version=""3.25"" background_size=""initial"" background_position=""top_left"" background_repeat=""repeat"" width=""100%"" custom_padding=""0px||||false|false""][et_pb_column type=""1_2"" _builder_version=""3.25"" custom_padding=""|||"" custom_padding__hover=""|||""][et_pb_wc_images _builder_version=""4.9.7"" custom_css_main_element=""width:50%;||margin:0 auto;||padding: 20px;""][/et_pb_wc_images][/et_pb_column][et_pb_column type=""1_2"" _builder_version=""3.25"" custom_padding=""|||"" custom_padding__hover=""|||""][et_pb_wc_title _builder_version=""3.0.47""][/et_pb_wc_title][et_pb_wc_rating _builder_version=""4.9.7"" rating_text_color=""#A625AB""][/et_pb_wc_rating][et_pb_wc_price _builder_version=""4.9.7"" body_text_color=""#A625AB"" background_color=""RGBA(0,0,0,0)""][/et_pb_wc_price][et_pb_wc_description _builder_version=""3.0.47""][/et_pb_wc_description][et_pb_wc_add_to_cart _builder_version=""4.9.7"" custom_button=""on"" button_text_color=""#CB0AA0""][/et_pb_wc_add_to_cart][et_pb_wc_meta _builder_version=""3.0.47""][/et_pb_wc_meta][/et_pb_column][/et_pb_row][et_pb_row _builder_version=""3.25"" background_size=""initial"" background_position=""top_left"" background_repeat=""repeat"" width=""100%""][et_pb_column type=""4_4"" _builder_version=""3.25"" custom_padding=""|||"" custom_padding__hover=""|||""][et_pb_wc_tabs _builder_version=""3.0.47""]					[/et_pb_wc_tabs][et_pb_wc_upsells _builder_version=""3.0.47""][/et_pb_wc_upsells][et_pb_wc_related_products _builder_version=""3.0.47""][/et_pb_wc_related_products][/et_pb_column][/et_pb_row][/et_pb_section]",publish,,0,"2021-07-07 13:51:43",1,open,,,,,no,no,,7.9,,,,,,,,instock,no,no,,no,taxable,,,,,,'-1,'-1,,,"http://projet-woocommerce.loc/wp-content/uploads/2021/07/IMG20210612104624-removebg-preview.png ! alt :  ! title : IMG20210612104624-removebg-preview ! desc :  ! caption : ",,http://projet-woocommerce.loc/boutique/infuseurs-tasses/tasse-mug/tasse-en-porcelaine/,simple,,"Infuseurs / Tasses > Tasse / Mug",tasse,,,,,
"Tasse en porcelaine",tasse-en-porcelaine-2,,233,"<p style=""font-weight: 400;"">Tasse en porcelaine.</p>","[et_pb_section fb_built=""1"" _builder_version=""3.22"" custom_padding=""0px||||false|false""][et_pb_row _builder_version=""3.25"" background_size=""initial"" background_position=""top_left"" background_repeat=""repeat"" width=""100%"" custom_padding=""0px||0px||false|false""][et_pb_column type=""4_4"" _builder_version=""3.25"" custom_padding=""|||"" custom_padding__hover=""|||""][et_pb_wc_breadcrumb _builder_version=""4.9.7"" custom_css_main_element=""padding:15px;""][/et_pb_wc_breadcrumb][et_pb_wc_cart_notice _builder_version=""4.9.7"" background_color=""#A625AB""][/et_pb_wc_cart_notice][/et_pb_column][/et_pb_row][et_pb_row column_structure=""1_2,1_2"" _builder_version=""3.25"" background_size=""initial"" background_position=""top_left"" background_repeat=""repeat"" width=""100%"" custom_padding=""0px||||false|false""][et_pb_column type=""1_2"" _builder_version=""3.25"" custom_padding=""|||"" custom_padding__hover=""|||""][et_pb_wc_images _builder_version=""4.9.7"" custom_css_main_element=""width:50%;||margin:0 auto;||padding: 20px;""][/et_pb_wc_images][/et_pb_column][et_pb_column type=""1_2"" _builder_version=""3.25"" custom_padding=""|||"" custom_padding__hover=""|||""][et_pb_wc_title _builder_version=""3.0.47""][/et_pb_wc_title][et_pb_wc_rating _builder_version=""4.9.7"" rating_text_color=""#A625AB""][/et_pb_wc_rating][et_pb_wc_price _builder_version=""4.9.7"" body_text_color=""#A625AB"" background_color=""RGBA(0,0,0,0)""][/et_pb_wc_price][et_pb_wc_description _builder_version=""3.0.47""][/et_pb_wc_description][et_pb_wc_add_to_cart _builder_version=""4.9.7"" custom_button=""on"" button_text_color=""#CB0AA0""][/et_pb_wc_add_to_cart][et_pb_wc_meta _builder_version=""3.0.47""][/et_pb_wc_meta][/et_pb_column][/et_pb_row][et_pb_row _builder_version=""3.25"" background_size=""initial"" background_position=""top_left"" background_repeat=""repeat"" width=""100%""][et_pb_column type=""4_4"" _builder_version=""3.25"" custom_padding=""|||"" custom_padding__hover=""|||""][et_pb_wc_tabs _builder_version=""3.0.47""]					[/et_pb_wc_tabs][et_pb_wc_upsells _builder_version=""3.0.47""][/et_pb_wc_upsells][et_pb_wc_related_products _builder_version=""3.0.47""][/et_pb_wc_related_products][/et_pb_column][/et_pb_row][/et_pb_section]",publish,,0,"2021-07-07 13:54:10",1,open,,,,,no,no,,7.9,,,,,,,,instock,no,no,,no,taxable,,,,,,'-1,'-1,,,"http://projet-woocommerce.loc/wp-content/uploads/2021/07/IMG20210612104656-removebg-preview.png ! alt :  ! title : IMG20210612104656-removebg-preview ! desc :  ! caption : ",,http://projet-woocommerce.loc/boutique/infuseurs-tasses/tasse-mug/tasse-en-porcelaine-2/,simple,,"Infuseurs / Tasses > Tasse / Mug",tasse,,,,,
"Infuseur simple",infuseur-simple,,234,"<p style=""font-weight: 400;"">Infuseur en acier inoxydable.</p>","[et_pb_section fb_built=""1"" _builder_version=""3.22"" custom_padding=""0px||||false|false""][et_pb_row _builder_version=""3.25"" background_size=""initial"" background_position=""top_left"" background_repeat=""repeat"" width=""100%"" custom_padding=""0px||0px||false|false""][et_pb_column type=""4_4"" _builder_version=""3.25"" custom_padding=""|||"" custom_padding__hover=""|||""][et_pb_wc_breadcrumb _builder_version=""4.9.7"" custom_css_main_element=""padding:15px;""][/et_pb_wc_breadcrumb][et_pb_wc_cart_notice _builder_version=""4.9.7"" background_color=""#A625AB""][/et_pb_wc_cart_notice][/et_pb_column][/et_pb_row][et_pb_row column_structure=""1_2,1_2"" _builder_version=""3.25"" background_size=""initial"" background_position=""top_left"" background_repeat=""repeat"" width=""100%"" custom_padding=""0px||||false|false""][et_pb_column type=""1_2"" _builder_version=""3.25"" custom_padding=""|||"" custom_padding__hover=""|||""][et_pb_wc_images _builder_version=""4.9.7"" custom_css_main_element=""width:50%;||margin:0 auto;||padding: 20px;""][/et_pb_wc_images][/et_pb_column][et_pb_column type=""1_2"" _builder_version=""3.25"" custom_padding=""|||"" custom_padding__hover=""|||""][et_pb_wc_title _builder_version=""3.0.47""][/et_pb_wc_title][et_pb_wc_rating _builder_version=""4.9.7"" rating_text_color=""#A625AB""][/et_pb_wc_rating][et_pb_wc_price _builder_version=""4.9.7"" body_text_color=""#A625AB"" background_color=""RGBA(0,0,0,0)""][/et_pb_wc_price][et_pb_wc_description _builder_version=""3.0.47""][/et_pb_wc_description][et_pb_wc_add_to_cart _builder_version=""4.9.7"" custom_button=""on"" button_text_color=""#CB0AA0""][/et_pb_wc_add_to_cart][et_pb_wc_meta _builder_version=""3.0.47""][/et_pb_wc_meta][/et_pb_column][/et_pb_row][et_pb_row _builder_version=""3.25"" background_size=""initial"" background_position=""top_left"" background_repeat=""repeat"" width=""100%""][et_pb_column type=""4_4"" _builder_version=""3.25"" custom_padding=""|||"" custom_padding__hover=""|||""][et_pb_wc_tabs _builder_version=""3.0.47""]					[/et_pb_wc_tabs][et_pb_wc_upsells _builder_version=""3.0.47""][/et_pb_wc_upsells][et_pb_wc_related_products _builder_version=""3.0.47""][/et_pb_wc_related_products][/et_pb_column][/et_pb_row][/et_pb_section]",publish,,0,"2021-07-07 13:55:58",1,open,,,,,no,no,,2,,,,,,,,instock,no,no,,no,taxable,,,,,,'-1,'-1,,,"http://projet-woocommerce.loc/wp-content/uploads/2021/07/IMG20210612104856-removebg-preview.png ! alt :  ! title : IMG20210612104856-removebg-preview ! desc :  ! caption : ",,http://projet-woocommerce.loc/boutique/infuseurs-tasses/infuseur/infuseur-simple/,simple,,"Infuseurs / Tasses > Infuseur",infuseur,,,,,
"Infuseur motif",infuseur-motif,,235,"<p style=""font-weight: 400;"">Infuseur en acier inoxydable.</p>","[et_pb_section fb_built=""1"" _builder_version=""3.22"" custom_padding=""0px||||false|false""][et_pb_row _builder_version=""3.25"" background_size=""initial"" background_position=""top_left"" background_repeat=""repeat"" width=""100%"" custom_padding=""0px||0px||false|false""][et_pb_column type=""4_4"" _builder_version=""3.25"" custom_padding=""|||"" custom_padding__hover=""|||""][et_pb_wc_breadcrumb _builder_version=""4.9.7"" custom_css_main_element=""padding:15px;""][/et_pb_wc_breadcrumb][et_pb_wc_cart_notice _builder_version=""4.9.7"" background_color=""#A625AB""][/et_pb_wc_cart_notice][/et_pb_column][/et_pb_row][et_pb_row column_structure=""1_2,1_2"" _builder_version=""3.25"" background_size=""initial"" background_position=""top_left"" background_repeat=""repeat"" width=""100%"" custom_padding=""0px||||false|false""][et_pb_column type=""1_2"" _builder_version=""3.25"" custom_padding=""|||"" custom_padding__hover=""|||""][et_pb_wc_images _builder_version=""4.9.7"" custom_css_main_element=""width:50%;||margin:0 auto;||padding: 20px;""][/et_pb_wc_images][/et_pb_column][et_pb_column type=""1_2"" _builder_version=""3.25"" custom_padding=""|||"" custom_padding__hover=""|||""][et_pb_wc_title _builder_version=""3.0.47""][/et_pb_wc_title][et_pb_wc_rating _builder_version=""4.9.7"" rating_text_color=""#A625AB""][/et_pb_wc_rating][et_pb_wc_price _builder_version=""4.9.7"" body_text_color=""#A625AB"" background_color=""RGBA(0,0,0,0)""][/et_pb_wc_price][et_pb_wc_description _builder_version=""3.0.47""][/et_pb_wc_description][et_pb_wc_add_to_cart _builder_version=""4.9.7"" custom_button=""on"" button_text_color=""#CB0AA0""][/et_pb_wc_add_to_cart][et_pb_wc_meta _builder_version=""3.0.47""][/et_pb_wc_meta][/et_pb_column][/et_pb_row][et_pb_row _builder_version=""3.25"" background_size=""initial"" background_position=""top_left"" background_repeat=""repeat"" width=""100%""][et_pb_column type=""4_4"" _builder_version=""3.25"" custom_padding=""|||"" custom_padding__hover=""|||""][et_pb_wc_tabs _builder_version=""3.0.47""]					[/et_pb_wc_tabs][et_pb_wc_upsells _builder_version=""3.0.47""][/et_pb_wc_upsells][et_pb_wc_related_products _builder_version=""3.0.47""][/et_pb_wc_related_products][/et_pb_column][/et_pb_row][/et_pb_section]",publish,,0,"2021-07-07 14:04:27",1,open,,,,,no,no,,4,,,,,,,,instock,no,no,,no,taxable,,,,,,'-1,'-1,,,"http://projet-woocommerce.loc/wp-content/uploads/2021/07/IMG20210612104914-removebg-preview.png ! alt :  ! title : IMG20210612104914-removebg-preview ! desc :  ! caption : ",,http://projet-woocommerce.loc/boutique/infuseurs-tasses/infuseur/infuseur-motif/,simple,,"Infuseurs / Tasses > Infuseur",infuseur,,,,,
